"Date","y0.25","y0.5","y1","y2","y3","y4","y5","y6","y7","y8","y9","y10","y11","y12","y13","y14","y15"
19710331,3.64,3.74,3.7679,4.2231,4.584,4.8727,5.1056,5.2951,5.4508,NA,NA,NA,NA,NA,NA,NA,NA
19710630,5.22,5.42,6.0356,6.4732,6.6361,6.7183,6.7676,6.8005,6.824,NA,NA,NA,NA,NA,NA,NA,NA
19710930,4.6,4.92,5.1603,5.5107,5.7152,5.8422,5.9257,5.9838,6.026,6.0579,6.0828,6.1028,NA,NA,NA,NA,NA
19711231,3.68,4.03,4.3542,4.7912,5.1087,5.3434,5.52,5.6554,5.761,5.8448,5.9123,5.9677,6.0136,6.0523,6.0852,6.1136,6.1382
19720330,3.83,4.39,5.0208,5.5715,5.8148,5.9438,6.0221,6.0744,6.1118,6.1399,6.1617,6.1792,6.1935,6.2054,6.2154,6.2241,6.2315
19720630,4.06,4.57,5.0769,5.5089,5.7368,5.8691,5.9528,6.0096,6.0505,6.0812,6.1051,6.1242,6.1398,6.1529,6.1639,6.1733,6.1815
19720929,4.55,5.16,5.4438,5.8195,6.0145,6.1267,6.1972,6.245,6.2793,6.3051,6.3251,6.3412,6.3543,6.3653,6.3745,6.3825,6.3893
19721229,5.14,5.39,5.657,5.9204,6.0547,6.1311,6.1788,6.2111,6.2343,6.2517,6.2652,6.276,6.2849,6.2923,6.2985,6.3038,6.3085
19730330,6.4,6.77,6.9905,6.8679,6.7675,6.7043,6.6639,6.6365,6.6169,6.6022,6.5907,6.5815,6.574,6.5678,6.5625,6.5579,6.554
19730629,7.52,7.64,7.5887,7.0981,6.9194,6.83,6.7763,6.7405,6.715,6.6958,6.6809,6.669,6.6593,6.6511,6.6442,6.6383,6.6332
19730928,6.98,7.51,7.2711,6.8676,6.67,6.5901,6.5756,6.5957,6.6325,6.6758,6.7202,6.7629,6.8023,6.8382,6.8705,6.8994,6.9252
19731231,7.46,7.43,7.2024,6.7885,6.6782,6.6632,6.6747,6.6911,6.7062,6.7189,6.7292,6.7377,6.7447,6.7505,6.7555,6.7597,6.7634
19740329,8.28,8.2,8.1573,7.7276,7.5678,7.4872,7.4387,7.4064,7.3834,7.3661,7.3526,7.3419,7.3331,7.3257,7.3195,7.3142,7.3096
19740628,7.34,7.92,8.5459,8.3018,8.1328,8.013,7.9259,7.861,7.8115,7.7729,7.7422,7.7173,7.6967,7.6795,7.6649,7.6524,7.6415
19740930,6.12,7.28,8.0664,7.9713,7.9089,7.8758,7.8559,7.8426,7.8331,7.8259,7.8204,7.816,7.8123,7.8093,7.8068,7.8046,7.8027
19741231,7.06,7.05,7.1447,7.1538,7.1571,7.1587,7.1597,7.1604,7.1608,7.1612,7.1615,7.1617,7.1619,7.162,7.1621,7.1622,7.1623
19750331,5.53,5.76,6.2417,6.7571,7.0298,7.1766,7.2657,7.3251,7.3676,7.3994,7.4242,7.444,7.4603,7.4738,7.4852,7.495,7.5035
19750630,5.86,6.12,6.7608,7.1349,7.3454,7.4644,7.5322,7.5713,7.5941,7.6077,7.616,7.6212,7.6247,7.6271,7.6289,7.6303,7.6313
19750930,6.58,7.02,7.5426,7.9481,8.1054,8.1608,8.1755,8.1748,8.1691,8.1623,8.1559,8.1502,8.1453,8.1412,8.1376,8.1345,8.1318
19751231,5.2,5.49,6.1325,6.6944,7.026,7.2314,7.3657,7.4584,7.5255,7.5762,7.6156,7.6472,7.673,7.6946,7.7128,7.7284,7.742
19760331,4.97,5.36,6.0262,6.6315,6.9556,7.1454,7.266,7.3481,7.4072,7.4516,7.4862,7.5139,7.5366,7.5554,7.5714,7.5851,7.597
19760630,5.37,5.76,6.3932,6.883,7.1583,7.3247,7.4324,7.5065,7.5601,7.6005,7.6319,7.6571,7.6778,7.6949,7.7095,7.7219,7.7327
19760930,5.06,5.3,5.8056,6.251,6.576,6.8173,6.9995,7.1395,7.249,7.336,7.4063,7.464,7.5119,7.5522,7.5866,7.6161,7.6418
19761231,4.34,4.5,4.9313,5.3607,5.7077,5.9797,6.1907,6.3548,6.4833,6.5853,6.6674,6.7344,6.7898,6.8364,6.8759,6.9099,6.9394
19770331,4.54,4.78,5.4275,5.9937,6.3923,6.6731,6.874,7.0209,7.1311,7.2159,7.2827,7.3364,7.3806,7.4174,7.4486,7.4754,7.4986
19770630,4.98,5.19,5.6265,5.9819,6.2625,6.4859,6.6655,6.8112,6.9305,7.029,7.1112,7.1804,7.2391,7.2894,7.3328,7.3705,7.4035
19770930,5.89,6.19,6.5127,6.6948,6.8352,6.9446,7.0308,7.0995,7.155,7.2002,7.2374,7.2685,7.2947,7.3169,7.336,7.3525,7.367
19771230,6.13,6.44,6.8873,7.1044,7.2616,7.3776,7.4647,7.5314,7.5833,7.6244,7.6575,7.6847,7.7072,7.7261,7.7422,7.7561,7.7681
19780331,6.47,6.74,7.2575,7.5263,7.6774,7.7688,7.828,7.8687,7.8982,7.9203,7.9376,7.9515,7.9628,7.9723,7.9803,7.9871,7.993
19780630,7.01,7.41,8.1773,8.3074,8.3408,8.3557,8.3643,8.3701,8.3742,8.3773,8.3797,8.3816,8.3832,8.3845,8.3856,8.3865,8.3874
19780929,7.98,8.31,8.62,8.4319,8.3565,8.3186,8.2958,8.2806,8.2697,8.2616,8.2553,8.2502,8.2461,8.2426,8.2397,8.2372,8.235
19781229,9.26,9.48,10.2781,9.7661,9.4085,9.1959,9.063,8.9736,8.9096,8.8616,8.8243,8.7944,8.77,8.7496,8.7324,8.7176,8.7048
19790330,9.44,9.47,9.6876,9.3672,9.157,9.03,8.9496,8.8952,8.8563,8.827,8.8043,8.786,8.7712,8.7587,8.7482,8.7392,8.7314
19790629,8.95,8.95,8.9277,8.6752,8.5898,8.5471,8.5215,8.5044,8.4923,8.4831,8.476,8.4703,8.4656,8.4618,8.4585,8.4557,8.4532
19790928,10.12,10.12,10.5186,9.796,9.4998,9.35,9.2601,9.2001,9.1573,9.1251,9.1001,9.0801,9.0638,9.0502,9.0386,9.0287,9.0202
19791231,12.04,11.82,11.4596,10.7371,10.3205,10.0904,9.9727,9.9215,9.9088,9.9175,9.9374,9.9624,9.9891,10.0154,10.0405,10.0637,10.085
19800331,14.24,14.71,15.1069,13.978,13.0822,12.47,12.0978,11.9013,11.8224,11.817,11.8542,11.9137,11.9829,12.0543,12.1237,12.1889,12.2491
19800630,7.88,7.89,8.5252,8.8705,9.096,9.2447,9.3483,9.4299,9.506,9.5879,9.6829,9.7956,9.9281,10.081,10.2539,10.4455,10.6541
19800930,11.44,11.46,11.8352,11.7668,11.6226,11.492,11.4055,11.3667,11.3682,11.3998,11.4514,11.5151,11.5847,11.6561,11.7262,11.7935,11.857
19801231,14.3,13.76,13.0568,12.2879,12.1179,12.0498,11.9982,11.9538,11.9165,11.8861,11.8615,11.8414,11.8248,11.8109,11.7992,11.7891,11.7803
19810331,12.46,12.03,12.5838,12.7252,12.7735,12.7977,12.8121,12.8218,12.8287,12.8339,12.8379,12.8411,12.8438,12.846,12.8478,12.8494,12.8508
19810630,14.28,13.88,14.1452,13.853,13.6219,13.4434,13.3192,13.2326,13.17,13.1229,13.0863,13.0569,13.0329,13.0129,12.996,12.9815,12.969
19810930,14.34,14.79,15.6917,15.7815,15.5746,15.3498,15.1776,15.0611,14.9866,14.94,14.9108,14.8921,14.8798,14.8713,14.8651,14.8604,14.8565
19811231,11.08,11.98,13.2576,13.445,13.4536,13.4627,13.4752,13.4866,13.4957,13.5028,13.5085,13.513,13.5167,13.5197,13.5223,13.5246,13.5265
19820331,13.26,13.15,13.8479,13.8444,13.8088,13.7533,13.6875,13.6182,13.5499,13.4852,13.4255,13.3713,13.3225,13.279,13.2402,13.2057,13.1749
19820630,12.76,13.02,14.0085,14.1275,14.075,13.9778,13.8809,13.7974,13.7289,13.6735,13.6287,13.592,13.5617,13.5363,13.5147,13.4962,13.4801
19820930,7.62,8.76,10.3938,11.0633,11.2943,11.4098,11.4792,11.5254,11.5584,11.5832,11.6024,11.6178,11.6304,11.6409,11.6498,11.6574,11.664
19821231,7.92,8,8.8379,9.4221,9.8298,10.1044,10.2811,10.3877,10.4463,10.4744,10.4854,10.4896,10.4947,10.5062,10.5282,10.5632,10.6129
19830331,8.64,8.68,9.2239,9.658,9.9705,10.1905,10.3417,10.4431,10.5101,10.5549,10.587,10.6139,10.6413,10.6734,10.7131,10.7627,10.8233
19830630,8.79,8.88,9.5668,10.0113,10.3275,10.5459,10.6915,10.7845,10.8411,10.874,10.8934,10.9072,10.9214,10.9403,10.9672,11.0043,11.053
19830930,8.71,8.88,9.6662,10.2634,10.651,10.9018,11.0648,11.1716,11.2427,11.291,11.3248,11.3491,11.3671,11.381,11.392,11.401,11.4085
19831230,8.97,9.14,9.9521,10.5502,10.9368,11.187,11.3501,11.458,11.5309,11.5815,11.6176,11.6444,11.6649,11.681,11.6941,11.705,11.7142
19840330,9.72,9.86,10.6885,11.2276,11.5968,11.846,12.0109,12.117,12.1823,12.2196,12.238,12.2437,12.2412,12.2336,12.2228,12.2104,12.1973
19840629,9.92,10.46,11.9854,12.7456,13.0482,13.1982,13.2869,13.3459,13.3881,13.4198,13.4446,13.4644,13.4806,13.4941,13.5055,13.5153,13.5238
19840928,10.22,10.34,11.1979,11.7064,11.9635,12.0844,12.1331,12.1446,12.1378,12.1229,12.1052,12.0873,12.0704,12.055,12.0412,12.0289,12.0179
19841231,7.85,8.19,9.1143,9.9548,10.4881,10.8312,11.056,11.2066,11.3101,11.3834,11.437,11.4774,11.5089,11.5342,11.555,11.5724,11.5873
19850329,8.18,8.55,9.5094,10.2664,10.7302,11.0214,11.2107,11.3395,11.4318,11.5016,11.5571,11.6029,11.6418,11.6757,11.7056,11.7322,11.756
19850628,6.83,6.97,7.8124,8.6052,9.1723,9.5701,9.8435,10.0278,10.1508,10.2341,10.294,10.3429,10.3899,10.4418,10.5029,10.5762,10.6634
19850930,7.04,7.06,8.011,8.7718,9.2769,9.6148,9.8463,10.0128,10.1418,10.2511,10.3519,10.4507,10.5511,10.6546,10.7614,10.8713,10.9834
19851231,7.05,7.08,7.6074,7.9363,8.1951,8.4044,8.5788,8.728,8.859,8.9762,9.0828,9.181,9.2721,9.3571,9.4367,9.5114,9.5816
19860331,6.34,6.28,6.829,7.0092,7.1372,7.231,7.3023,7.3587,7.405,7.4443,7.4786,7.5091,7.5367,7.5619,7.585,7.6064,7.6261
19860630,5.96,5.95,6.5566,6.9431,7.1914,7.3545,7.4658,7.5457,7.6068,7.6565,7.6992,7.7374,7.7724,7.8051,7.8357,7.8645,7.8915
19860930,5.2,5.39,5.9166,6.4215,6.7843,7.0564,7.2692,7.442,7.5867,7.7107,7.8186,7.9138,7.9982,8.0736,8.1412,8.202,8.2568
19861231,5.67,5.63,6.1155,6.3613,6.5622,6.7421,6.9088,7.0639,7.2072,7.3381,7.4565,7.5628,7.6578,7.7423,7.8175,7.8843,7.9439
19870331,5.61,5.74,6.2574,6.5257,6.7329,6.9106,7.0702,7.2153,7.3466,7.4647,7.5699,7.6632,7.7456,7.8183,7.8823,7.9389,7.9891
19870630,5.73,5.91,6.9199,7.36,7.646,7.8547,8.0186,8.1524,8.2634,8.3562,8.4342,8.5002,8.5562,8.604,8.6452,8.6809,8.712
19870930,6.61,6.83,7.8631,8.4541,8.7799,8.997,9.162,9.2956,9.4064,9.499,9.5766,9.6419,9.6971,9.7441,9.7844,9.8192,9.8495
19871231,5.68,6.17,7.2328,7.6822,7.9454,8.1714,8.368,8.535,8.6738,8.787,8.8774,8.9478,9.0005,9.0381,9.0625,9.0756,9.079
19880331,5.71,6.04,6.8459,7.2929,7.5727,7.807,8.0204,8.2142,8.386,8.5346,8.6599,8.7629,8.8453,8.9087,8.9551,8.9864,9.0042
19880630,6.56,6.71,7.5141,7.8851,8.0526,8.1947,8.3368,8.4747,8.6022,8.7155,8.8132,8.8949,8.9615,9.0139,9.0534,9.0811,9.0983
19880930,7.25,7.46,8.1109,8.2847,8.3533,8.4226,8.5027,8.5871,8.6691,8.7448,8.8121,8.8704,8.9196,8.96,8.9921,9.0167,9.0343
19881230,8.1,8.2,8.9648,8.9718,8.9671,8.9842,9.0037,9.0177,9.0243,9.024,9.0176,9.0064,8.9915,8.9737,8.954,8.933,8.9112
19890331,8.9,8.99,9.6584,9.5663,9.4589,9.3813,9.3174,9.26,9.2071,9.1585,9.1141,9.0739,9.0377,9.0053,8.9762,8.9502,8.9269
19890630,7.99,7.72,8.1332,7.9588,7.9246,7.9445,7.9783,8.0116,8.0395,8.0605,8.0745,8.0823,8.0844,8.0816,8.0748,8.0646,8.0516
19890929,7.91,7.9,8.3863,8.2843,8.2628,8.2625,8.2656,8.2674,8.2667,8.2635,8.2583,8.2513,8.2431,8.234,8.2243,8.2143,8.2042
19891229,7.55,7.48,7.8239,7.7684,7.7751,7.8013,7.8299,7.855,7.8751,7.8906,7.9022,7.9107,7.9168,7.9211,7.924,7.9258,7.9268
19900330,7.8,7.81,8.3192,8.4778,8.542,8.5639,8.5698,8.5701,8.5687,8.567,8.5654,8.564,8.5628,8.5618,8.561,8.5602,8.5596
19900629,7.74,7.61,7.9659,8.0944,8.1815,8.2449,8.2917,8.3259,8.3504,8.3673,8.3785,8.3853,8.3886,8.3894,8.3882,8.3856,8.3819
19900928,7.14,7.17,7.7136,7.9191,8.1007,8.2608,8.4012,8.5238,8.6301,8.7215,8.7994,8.8648,8.9187,8.9622,8.9961,9.021,9.0378
19901231,6.44,6.43,6.9164,7.1467,7.3515,7.5328,7.6923,7.8318,7.9529,8.0569,8.1453,8.2193,8.28,8.3285,8.3659,8.393,8.4107
19910328,5.74,5.78,6.425,6.9488,7.3059,7.5541,7.7317,7.8634,7.9653,8.0475,8.1161,8.1748,8.2255,8.2695,8.3071,8.3387,8.3641
19910628,5.54,5.68,6.3303,6.9265,7.3366,7.6358,7.8631,8.0397,8.1786,8.288,8.3737,8.4401,8.4905,8.5275,8.5534,8.5699,8.5785
19910930,5.11,5.12,5.5314,5.9952,6.3804,6.6993,6.9627,7.1793,7.3568,7.5014,7.6186,7.7129,7.788,7.8472,7.8932,7.9281,7.9539
19911231,3.88,3.86,4.2323,4.8144,5.3089,5.727,6.0788,6.3733,6.6186,6.8216,6.9886,7.1252,7.2362,7.326,7.3983,7.4565,7.5033
19920331,4.05,4.17,4.7632,5.6244,6.2605,6.7265,7.0651,7.309,7.4835,7.6077,7.6961,7.7596,7.8062,7.8418,7.8708,7.8961,7.9198
19920630,3.57,3.65,4.1684,4.8597,5.4456,5.9401,6.3553,6.7021,6.99,7.2273,7.4213,7.5786,7.7048,7.8047,7.8827,7.9425,7.9873
19920930,2.69,2.84,3.2185,3.8673,4.4476,4.965,5.4243,5.8303,6.1875,6.4997,6.7709,7.0045,7.2039,7.3721,7.5119,7.626,7.7168
19921230,3.12,3.29,3.7304,4.5052,5.1804,5.7107,6.1137,6.4189,6.6524,6.8342,6.9783,7.0947,7.1905,7.2705,7.3383,7.3964,7.4468
19930331,2.89,3,3.4142,3.9615,4.4798,4.9391,5.3328,5.6645,5.942,6.1737,6.3678,6.531,6.6693,6.7872,6.8885,6.9764,7.053
19930630,3.03,3.13,3.5494,4.0234,4.4287,4.777,5.0776,5.3382,5.5651,5.7634,5.9375,6.0909,6.2266,6.3471,6.4544,6.5504,6.6365
19930930,2.92,3.04,3.4451,3.8874,4.2504,4.5536,4.8108,5.032,5.2247,5.3943,5.5447,5.6792,5.8,5.9091,6.0081,6.0981,6.1801
19931231,3.01,3.2,3.6834,4.2071,4.6124,4.9385,5.2084,5.4362,5.6311,5.7994,5.9456,6.0732,6.185,6.2832,6.3699,6.4467,6.5148
19940331,3.48,3.79,4.5522,5.2079,5.6556,5.9969,6.2655,6.4781,6.6469,6.7818,6.8907,6.9796,7.0532,7.1149,7.1673,7.2122,7.2512
19940630,4.15,4.65,5.4795,6.1078,6.4622,6.7155,6.9153,7.0798,7.2179,7.3346,7.4334,7.517,7.5874,7.6462,7.6949,7.7346,7.7663
19940930,4.67,5.22,5.9109,6.5119,6.8535,7.0648,7.2124,7.3295,7.4318,7.5259,7.6139,7.6961,7.7719,7.8408,7.902,7.9553,8.0005
19941230,5.53,6.22,7.2524,7.563,7.6626,7.7117,7.7418,7.7628,7.7788,7.7917,7.8024,7.8116,7.8196,7.8266,7.8329,7.8384,7.8434
19950331,5.7,5.85,6.4083,6.6998,6.8403,6.9247,6.9906,7.0512,7.1099,7.1664,7.2198,7.2693,7.3146,7.3555,7.3923,7.4252,7.4546
19950630,5.44,5.35,5.6813,5.7601,5.8221,5.8807,5.9423,6.009,6.0805,6.1557,6.2326,6.3096,6.3849,6.457,6.5248,6.5874,6.6441
19950929,5.24,5.33,5.6759,5.7927,5.8628,5.9137,5.96,6.0085,6.062,6.1205,6.183,6.2477,6.3132,6.3776,6.4398,6.4984,6.5527
19951229,4.96,4.96,5.138,5.1473,5.2073,5.2789,5.3523,5.4243,5.4939,5.5603,5.6236,5.6835,5.7401,5.7935,5.8438,5.8911,5.9355
19960329,5,5,5.4597,5.7343,5.8893,5.9931,6.0785,6.1596,6.2413,6.3243,6.4072,6.4884,6.5661,6.6389,6.7057,6.7659,6.8191
19960628,5.04,5.16,5.7395,6.0765,6.2427,6.3401,6.4135,6.4809,6.5481,6.6157,6.6826,6.7471,6.8079,6.8639,6.9143,6.9588,6.9973
19960930,4.91,5.05,5.7204,6.0392,6.208,6.327,6.4228,6.5047,6.5771,6.642,6.7008,6.7543,6.8033,6.8482,6.8893,6.927,6.9615
19961231,5.07,5.12,5.5792,5.8259,5.981,6.0843,6.1599,6.2217,6.2776,6.3313,6.3844,6.4372,6.4891,6.5396,6.5876,6.6326,6.6738
19970331,5.21,5.33,6.0216,6.3624,6.5405,6.6405,6.7061,6.7588,6.8081,6.8576,6.9076,6.9575,7.006,7.052,7.0944,7.1326,7.166
19970630,5.06,5.08,5.7408,6.0239,6.1769,6.2651,6.3243,6.3733,6.4207,6.4697,6.5209,6.5733,6.6257,6.6765,6.7244,6.7684,6.8077
19970930,4.93,5.08,5.615,5.7499,5.8364,5.908,5.9714,6.0288,6.0815,6.13,6.1749,6.2164,6.2547,6.2902,6.323,6.3533,6.3812
19971231,5.22,5.23,5.5654,5.6158,5.6393,5.6521,5.6634,5.6776,5.6966,5.7205,5.7486,5.7797,5.8127,5.8463,5.8793,5.9109,5.9402
19980331,5.02,5.07,5.4952,5.5578,5.586,5.6013,5.6155,5.6338,5.658,5.688,5.7227,5.7604,5.7997,5.839,5.8769,5.9126,5.945
19980630,4.97,5.04,5.4245,5.4734,5.4652,5.4534,5.4514,5.4596,5.4753,5.4955,5.5181,5.5413,5.5641,5.5859,5.6061,5.6246,5.6412
19980930,4.26,4.33,4.5112,4.3723,4.3033,4.2868,4.3092,4.3595,4.429,4.5108,4.5995,4.691,4.7821,4.8703,4.9539,5.0317,5.1027
19981231,4.37,4.39,4.6041,4.5829,4.59,4.619,4.6643,4.7215,4.7867,4.8567,4.929,5.0014,5.0723,5.1402,5.2041,5.2633,5.317
19990331,4.37,4.36,4.842,4.9903,5.0726,5.137,5.203,5.2765,5.3569,5.4414,5.5266,5.6093,5.6872,5.7583,5.8216,5.8761,5.9217
19990630,4.65,4.84,5.2409,5.4798,5.5796,5.646,5.7133,5.7882,5.8683,5.9489,6.0259,6.0964,6.1583,6.2108,6.2533,6.286,6.3093
19990930,4.74,4.79,5.3833,5.5911,5.687,5.7613,5.8407,5.9283,6.0199,6.1103,6.1952,6.2716,6.3379,6.3932,6.4373,6.4705,6.4932
19991231,5.17,5.49,6.0173,6.1832,6.2263,6.2803,6.3535,6.4346,6.5141,6.5865,6.6491,6.7009,6.7419,6.7727,6.794,6.8067,6.8117
20000331,5.72,5.89,6.343,6.4095,6.3517,6.2842,6.235,6.205,6.1885,6.18,6.175,6.1707,6.1655,6.1584,6.1488,6.1368,6.1222
20000630,5.71,5.96,6.4065,6.343,6.2356,6.175,6.1511,6.147,6.1519,6.1598,6.1676,6.1737,6.1774,6.1784,6.1767,6.1725,6.166
20000929,6.05,6.01,6.1877,5.941,5.8134,5.7768,5.7895,5.825,5.8687,5.913,5.9541,5.99,6.0202,6.0443,6.0626,6.0754,6.083
20001229,5.73,5.47,5.4462,5.1458,5.0326,5.0145,5.0442,5.0966,5.1585,5.2225,5.2846,5.3428,5.3957,5.443,5.4845,5.5203,5.5506
20010330,4.2,3.96,4.1704,4.2154,4.3534,4.5104,4.665,4.81,4.9431,5.0639,5.1724,5.2693,5.3553,5.431,5.4973,5.5548,5.6043
20010629,3.57,3.52,3.8849,4.295,4.601,4.8446,5.0478,5.2202,5.3675,5.4932,5.6003,5.691,5.7672,5.8306,5.8827,5.9246,5.9576
20010928,2.35,2.3,2.4861,2.9036,3.3337,3.7026,4.0155,4.2839,4.5161,4.7179,4.8933,5.0456,5.1775,5.2911,5.3883,5.4708,5.5401
20011231,1.71,1.79,2.0841,3.0627,3.7433,4.2103,4.5575,4.8304,5.0517,5.2339,5.385,5.5106,5.6147,5.7004,5.7703,5.8266,5.871
20020328,1.76,2.06,2.7535,3.69,4.2862,4.6948,4.9986,5.2368,5.4291,5.5869,5.7171,5.8248,5.9135,5.986,6.0447,6.0914,6.1278
20020628,1.67,1.71,2.058,2.8456,3.4232,3.8502,4.1888,4.4694,4.7076,4.9123,5.0892,5.2423,5.3747,5.4889,5.587,5.6706,5.7414
20020930,1.54,1.48,1.4887,1.7048,2.0457,2.4089,2.7597,3.0861,3.3843,3.6537,3.8951,4.1101,4.3002,4.4672,4.6129,4.739,4.8471
20021231,1.2,1.21,1.2389,1.5945,2.035,2.4584,2.8458,3.195,3.5075,3.7855,4.0317,4.2487,4.4388,4.6043,4.7475,4.8701,4.9742
20030331,1.12,1.11,1.1654,1.5392,2.0058,2.446,2.8389,3.1862,3.4929,3.7642,4.004,4.2158,4.4023,4.566,4.709,4.8332,4.9403
20030630,0.89,0.96,1.0331,1.3274,1.7167,2.1134,2.4851,2.8219,3.1229,3.3906,3.628,3.8383,4.0243,4.1886,4.3332,4.4601,4.571
20030930,0.93,0.99,1.08,1.4792,1.9762,2.4441,2.859,3.2225,3.5408,3.82,4.065,4.2798,4.4678,4.6316,4.7738,4.8965,5.0014
20031231,0.93,1,1.2427,1.825,2.3796,2.8496,3.2465,3.5862,3.88,4.1359,4.3593,4.5544,4.7245,4.8724,5.0002,5.1101,5.2038
20040331,0.93,0.99,1.161,1.576,2.0283,2.4448,2.8163,3.1463,3.4394,3.6997,3.9306,4.135,4.3153,4.4738,4.6124,4.7329,4.8369
20040630,1.31,1.64,2.0742,2.7075,3.1654,3.5307,3.8393,4.1064,4.3401,4.5452,4.7254,4.8834,5.0217,5.1421,5.2465,5.3362,5.4128
20040930,1.68,1.95,2.2276,2.6039,2.903,3.164,3.4031,3.6262,3.8346,4.0279,4.2058,4.3677,4.5138,4.644,4.759,4.8594,4.9459
20041231,2.18,2.52,2.7691,3.0653,3.2722,3.4518,3.6247,3.795,3.9611,4.1202,4.2694,4.407,4.5318,4.6432,4.7412,4.8261,4.8984
20050331,2.73,3.04,3.4287,3.7855,3.9514,4.0541,4.1429,4.2334,4.3275,4.4227,4.5156,4.6031,4.683,4.7541,4.8154,4.8669,4.9084
20050630,3.06,3.24,3.5033,3.6194,3.6445,3.6589,3.6879,3.7349,3.7957,3.8645,3.9363,4.0069,4.0737,4.1347,4.1888,4.2355,4.2745
20050930,3.47,3.8,4.1353,4.1302,4.1174,4.1411,4.1823,4.2299,4.2788,4.3266,4.3721,4.4146,4.454,4.4901,4.523,4.5527,4.5795
20051230,3.99,4.22,4.4007,4.3815,4.3389,4.3066,4.2946,4.3026,4.3262,4.3604,4.4004,4.4422,4.483,4.5206,4.5537,4.5813,4.603
20060331,4.52,4.64,4.8263,4.8103,4.7813,4.7624,4.7603,4.7745,4.8014,4.8368,4.8765,4.9172,4.9562,4.9917,5.0222,5.047,5.0656
20060630,4.87,5.04,5.2101,5.1304,5.0576,5.0167,5.0076,5.0223,5.0523,5.0903,5.131,5.1707,5.207,5.2384,5.2643,5.2841,5.298
20060929,4.77,4.83,4.8775,4.6603,4.552,4.5101,4.5077,4.5282,4.5609,4.5991,4.6385,4.6766,4.7119,4.7433,4.7705,4.7933,4.8117
20061229,4.89,4.9,4.953,4.7738,4.6687,4.6164,4.6006,4.6094,4.634,4.6676,4.7056,4.7444,4.7816,4.8155,4.8448,4.869,4.8876
20070330,4.9,4.86,4.8309,4.5896,4.4797,4.4481,4.4619,4.5009,4.5524,4.6086,4.6648,4.718,4.7667,4.8098,4.8471,4.8783,4.9037
20070629,4.68,4.74,4.9173,4.8475,4.8202,4.8233,4.8474,4.8848,4.9296,4.9775,5.0251,5.0699,5.1103,5.1451,5.1736,5.1955,5.2105
20070928,3.72,3.94,4.0275,3.9578,3.9834,4.065,4.1752,4.2961,4.416,4.5278,4.6274,4.713,4.7841,4.8413,4.8853,4.9177,4.9396
20071231,3.29,3.37,3.2102,3.0303,3.0733,3.2294,3.4322,3.6432,3.8412,4.0162,4.1644,4.2859,4.3827,4.4578,4.5143,4.5554,4.5838
20080331,1.36,1.48,1.4636,1.6041,1.8392,2.1278,2.4402,2.7553,3.0588,3.3414,3.5974,3.8236,4.019,4.1839,4.3194,4.4274,4.51
20080630,1.87,2.12,2.2955,2.597,2.8781,3.138,3.3763,3.5931,3.7888,3.9638,4.119,4.2552,4.3734,4.4746,4.5599,4.6302,4.6868
20080930,0.9,1.57,1.7961,1.988,2.2865,2.629,2.9759,3.303,3.5969,3.8515,4.0652,4.2394,4.3768,4.4815,4.5574,4.6088,4.6395
20081231,0.11,0.27,0.385,0.5713,0.8642,1.2057,1.5568,1.8928,2.1988,2.4668,2.6936,2.8791,3.0252,3.1351,3.2125,3.2614,3.2857
20090331,0.21,0.42,0.5716,0.7751,1.0661,1.3998,1.7454,2.0824,2.3977,2.6836,2.9364,3.1547,3.3393,3.4919,3.615,3.7113,3.7838
20090630,0.19,0.35,0.5577,1.0906,1.624,2.1257,2.5784,2.9746,3.3132,3.5968,3.83,4.0184,4.168,4.2843,4.3727,4.4379,4.4841
20090930,0.14,0.18,0.4204,0.9265,1.4327,1.9088,2.3387,2.7157,3.0385,3.3096,3.5334,3.715,3.8599,3.9736,4.0609,4.1263,4.1737
20091231,0.06,0.2,0.5461,1.1416,1.7052,2.2213,2.6824,3.0863,3.4343,3.7299,3.9776,4.1824,4.3497,4.4843,4.5909,4.6738,4.7368
20100331,0.16,0.24,0.4409,0.9996,1.578,2.1203,2.6032,3.0203,3.3739,3.6699,3.9157,4.1186,4.2851,4.4211,4.5318,4.6213,4.6932
20100630,0.18,0.22,0.3474,0.6085,1.0034,1.4293,1.8368,2.205,2.5274,2.8048,3.0407,3.24,3.4075,3.5478,3.6647,3.7617,3.8417
20100930,0.16,0.19,0.278,0.3917,0.6503,0.9771,1.3243,1.6635,1.9793,2.264,2.5154,2.7339,2.9219,3.0825,3.2189,3.3344,3.4321
20101231,0.12,0.19,0.3033,0.5956,1.0605,1.5529,2.0129,2.4201,2.7719,3.0724,3.3279,3.5448,3.7289,3.8852,4.0179,4.1302,4.2252
20110331,0.09,0.17,0.332,0.7771,1.3029,1.8066,2.2544,2.6408,2.9707,3.252,3.4921,3.6977,3.8743,4.0264,4.1574,4.2702,4.3673
20110630,0.03,0.1,0.2215,0.481,0.8699,1.3096,1.7521,2.1704,2.5506,2.8872,3.1796,3.4302,3.6429,3.8222,3.9724,4.0979,4.2027
20110930,0.02,0.06,0.1739,0.2853,0.4734,0.7037,0.9519,1.2019,1.443,1.6685,1.875,2.0606,2.2253,2.3696,2.4947,2.6022,2.6937
20111230,0.02,0.06,0.1493,0.2425,0.4165,0.6365,0.8778,1.1237,1.363,1.5886,1.7963,1.9843,2.1518,2.2994,2.4279,2.5388,2.6337
20120330,0.07,0.15,0.2351,0.353,0.5569,0.8098,1.0854,1.3655,1.6378,1.8947,2.1315,2.3459,2.537,2.7054,2.852,2.9783,3.086
20120629,0.09,0.16,0.259,0.3214,0.4387,0.593,0.7704,0.9602,1.154,1.3459,1.5314,1.7073,1.8715,2.0227,2.1603,2.2841,2.3941
20120928,0.1,0.14,0.2013,0.2207,0.318,0.4682,0.6522,0.8553,1.0663,1.2771,1.4818,1.676,1.8572,2.0236,2.1744,2.3092,2.4284
20121231,0.05,0.11,0.1943,0.2485,0.3756,0.5505,0.7539,0.9715,1.1928,1.4102,1.6183,1.8137,1.9941,2.1585,2.3063,2.4378,2.5536
20130328,0.07,0.11,0.177,0.2398,0.3785,0.5669,0.785,1.0179,1.2546,1.487,1.7097,1.919,2.1125,2.2889,2.448,2.5897,2.7147
20130628,0.04,0.1,0.1925,0.3866,0.7144,1.071,1.4126,1.7231,1.9989,2.2414,2.4536,2.639,2.8007,2.9416,3.0642,3.1706,3.2626
20130930,0.02,0.04,0.1231,0.3385,0.6743,1.0492,1.4196,1.7636,2.0722,2.3432,2.5781,2.78,2.9528,3.1003,3.2262,3.3336,3.4255
20131231,0.07,0.1,0.1511,0.3953,0.8306,1.3095,1.7627,2.1628,2.5029,2.7859,3.0189,3.2097,3.3658,3.494,3.5996,3.6873,3.7606
20140331,0.05,0.07,0.1215,0.4393,0.9157,1.3738,1.764,2.0826,2.3399,2.5483,2.7188,2.86,2.9785,3.079,3.1653,3.2401,3.3056
20140630,0.04,0.07,0.1279,0.4543,0.8938,1.3028,1.6474,1.929,2.1584,2.3467,2.5031,2.6346,2.7464,2.8426,2.9259,2.9987,3.0629
20140930,0.02,0.03,0.1482,0.617,1.1203,1.5246,1.8308,2.0638,2.2458,2.3922,2.5131,2.6152,2.7028,2.7791,2.846,2.9053,2.9582
20141231,0.04,0.12,0.294,0.7064,1.1185,1.4471,1.6912,1.8696,2.0014,2.1012,2.1795,2.2432,2.2971,2.3442,2.3867,2.4259,2.4627
20150331,0.03,0.14,0.293,0.5825,0.906,1.1869,1.4128,1.5909,1.7322,1.8462,1.9404,2.02,2.0888,2.1493,2.2034,2.2523,2.2969
20150630,0.01,0.11,0.3184,0.6519,1.0306,1.3759,1.6653,1.8993,2.0862,2.2358,2.3571,2.4572,2.5417,2.6147,2.6793,2.7377,2.7915
20150930,-0.01,0.08,0.3534,0.6531,0.9378,1.1944,1.4187,1.6115,1.7756,1.9152,2.0341,2.1362,2.2247,2.3025,2.3719,2.4347,2.4924
20151231,0.16,0.48,0.7898,1.0755,1.3501,1.5921,1.7961,1.9638,2.1003,2.2112,2.302,2.3775,2.4417,2.4976,2.5477,2.5938,2.6373
20160331,0.21,0.38,0.5983,0.7329,0.9011,1.0773,1.2469,1.4026,1.5413,1.6625,1.7676,1.8582,1.9366,2.005,2.0656,2.1201,2.1702
20160630,0.26,0.35,0.4975,0.5951,0.738,0.8913,1.0372,1.1681,1.2819,1.3793,1.4626,1.5344,1.5972,1.6534,1.705,1.7536,1.8005
20160930,0.28,0.44,0.658,0.7825,0.9247,1.0646,1.1934,1.3084,1.4099,1.4992,1.5785,1.6495,1.714,1.7734,1.8289,1.8812,1.931
20161230,0.5,0.61,0.8977,1.2018,1.5014,1.7631,1.9786,2.1507,2.2864,2.3932,2.478,2.5466,2.6036,2.6523,2.6955,2.7351,2.7724
20170331,0.75,0.89,1.0551,1.2793,1.5407,1.7756,1.9676,2.119,2.2373,2.3308,2.4064,2.4697,2.5245,2.5737,2.6193,2.6627,2.7046
20170630,1.01,1.12,1.2608,1.3946,1.5719,1.7465,1.9008,2.0303,2.1368,2.2239,2.2957,2.3557,2.4071,2.4522,2.4929,2.5304,2.5658
20170929,1.04,1.18,1.3341,1.481,1.6455,1.8015,1.939,2.0561,2.1541,2.236,2.305,2.3638,2.415,2.4605,2.5018,2.54,2.5762
20171229,1.37,1.5,1.7573,1.8852,2.0033,2.1056,2.1912,2.2613,2.318,2.3638,2.4012,2.432,2.4582,2.4811,2.5019,2.5213,2.5402
20180329,1.7,1.88,2.102,2.2717,2.3985,2.4934,2.5649,2.6192,2.661,2.6938,2.7201,2.7419,2.7606,2.7772,2.7926,2.8071,2.8213
