"FilteredMean","FilteredMedian","FilteredP005","FilteredP025","FilteredP05","FilteredP1586","FilteredP25","FilteredP75","FilteredP8413","FilteredP95","FilteredP975","FilteredP995","Date"
1.86810483436491,1.85187711195919,-1.21482409356224,-0.0690319649596951,0.344107078970342,1.0397389458281,1.32280986767687,2.40030852982939,2.70365416031891,3.42098337951493,3.88077674367697,5.24034227969695,1960
1.82315787291562,1.80746702974372,-1.2978733555653,-0.114027340953592,0.298030291660481,0.993941715447828,1.28213951780982,2.35559581292051,2.65618538259693,3.3744031540545,3.82409756551533,5.18294694202933,1960.25
1.75197137137669,1.74140687871015,-1.38635745136486,-0.189699622826545,0.218913971818008,0.924402097640384,1.2097231863263,2.28449533295116,2.58696542526141,3.30048950374693,3.74294005874399,5.12155533886101,1960.5
1.80951897832125,1.79838853988675,-1.30265881418701,-0.13920170120122,0.277251837950067,0.980225025937187,1.2651194894677,2.34529580339967,2.64843241806518,3.36893091013332,3.79764599847682,5.15507533275297,1960.75
1.81155669062172,1.79966613000588,-1.30109684810885,-0.138095613159994,0.283300890339951,0.977115800127303,1.26888568645903,2.34376668278445,2.64652599488628,3.36850105339278,3.79249370038505,5.16580006964348,1961
1.84213511807959,1.83043573558254,-1.24716764844498,-0.123636883892249,0.314292551736726,1.01732931797241,1.30441960234316,2.37087131939211,2.67380274454358,3.40161129757163,3.82262204408252,5.207134817016,1961.25
1.84924192856348,1.83845698030741,-1.25693816937455,-0.125315744714246,0.316569059778125,1.02044900108223,1.30616250589193,2.3841572142478,2.68256902379994,3.40334134452919,3.83739319481405,5.19654341484926,1961.5
1.82072808230718,1.80958238466277,-1.28409234894353,-0.142248672321142,0.299028413873951,0.999205411960311,1.28601860933902,2.34876215863283,2.64730848092756,3.36684121567976,3.79239877622584,5.14914801388581,1961.75
1.7893326600951,1.78009650611086,-1.31655872105251,-0.17465423531431,0.266736953064955,0.966442864245586,1.25772002012388,2.3161583608987,2.61578489575393,3.31997043393981,3.75755961081578,5.13732294230028,1962
1.75695966863415,1.74998362242144,-1.35831509586711,-0.218416008425949,0.220302296425283,0.934941260080844,1.22166312952055,2.28775646091167,2.58398275879387,3.28574171220748,3.72592201105035,5.09829314861546,1962.25
1.79302490930119,1.78306600551181,-1.31408194932434,-0.178402005257989,0.262419166271897,0.971663928669251,1.26082229070791,2.31906777575974,2.61573411731199,3.32071984735986,3.76242952585225,5.16463775502329,1962.5
1.75687057355885,1.75101019087773,-1.35155216021022,-0.20975360659237,0.227099405167747,0.938821718927578,1.22482924145769,2.28314425370989,2.5763532950226,3.28022811652698,3.7344257688766,5.12503392562492,1962.75
1.79937474289925,1.78989801042957,-1.33273268865485,-0.158237290455817,0.271140579313348,0.97938836453355,1.27017571602655,2.32576177198659,2.62298397044419,3.32129752267359,3.77087224383716,5.16418009015951,1963
1.81694422432308,1.80552690718096,-1.29845465269013,-0.141054163635538,0.285478070912657,0.992752098517034,1.28192762187804,2.34789134422951,2.64622258231699,3.34241585173646,3.79084476711195,5.18803590392243,1963.25
1.80324763876623,1.79238222264674,-1.29473521548552,-0.154379584618056,0.273435370705347,0.977239889809313,1.26903721180806,2.33585970354977,2.63144187720341,3.31944787931432,3.76889471315992,5.13443232995332,1963.5
1.83059369532671,1.81899714298536,-1.27083417610399,-0.126011339474002,0.302373010585791,1.0099102657019,1.29668907069286,2.36342063000999,2.65711084728377,3.34416728726237,3.78866395540376,5.18391978867648,1963.75
1.8335999006537,1.82055802876846,-1.25782679297006,-0.101783223412014,0.323491292618522,1.0161320851563,1.30097215512634,2.36345187415233,2.65515940971134,3.34326945540899,3.78739528153525,5.17762931889114,1964
1.82412917899912,1.81302465421707,-1.28360430042243,-0.111703511059311,0.325130899374294,1.00983281154801,1.29648941022105,2.35214590222117,2.64172702975016,3.32562338111309,3.76137591513337,5.16610937444215,1964.25
1.81274087734574,1.79638252885477,-1.26086571087476,-0.103290737355158,0.320793029451199,1.00430939395763,1.27961904742027,2.33786394921789,2.62708281284375,3.31573655583526,3.74884874225809,5.15140624698372,1964.5
1.80788281636259,1.79227622803795,-1.23472162401334,-0.0918141208397039,0.32693571377005,0.997517233571418,1.27985451900924,2.33192756744647,2.62667878773812,3.30394667098289,3.74894065540911,5.1642926024976,1964.75
1.81794162487804,1.80395510931453,-1.20891100174519,-0.0722090083556512,0.353752824675116,1.01489837303024,1.29022240836536,2.33350813533584,2.62949572157649,3.30261113242815,3.75554116228215,5.16691066388494,1965
1.8039393515142,1.78664814469039,-1.229248455962,-0.0724058892698398,0.349311583650339,1.00394593205487,1.27810921640855,2.32053324865318,2.60843308657425,3.2788125542144,3.73054207373257,5.16581137951112,1965.25
1.80065776761369,1.78440095818474,-1.23220489308904,-0.0630539357409408,0.348597080010057,1.00537055888051,1.27770244581686,2.31391736397123,2.60137869103685,3.27165067933235,3.71964389545182,5.15636899313369,1965.5
1.83451260249057,1.81630923038601,-1.19482741159109,-0.0188622340613822,0.388187357836392,1.0407089550785,1.30913392758623,2.35010556760854,2.63536598852214,3.31204259927186,3.75751628909671,5.18618923718809,1965.75
1.8473643087606,1.82716155600171,-1.18736142566696,0.00227722266816244,0.413137969618315,1.05525154708913,1.32377478715751,2.36013378659247,2.64591996428465,3.3213211649141,3.76290717163176,5.22340712918966,1966
1.83527235013924,1.81809323241818,-1.17870975498684,-0.0112418668361149,0.399394883481715,1.04150120427912,1.30930112092796,2.34712694023538,2.63393402673575,3.30427882011302,3.747530670763,5.1871423576784,1966.25
1.88779436480849,1.8673309169036,-1.14168915170449,0.0641967970660122,0.462042615812907,1.09817285672446,1.36339421467642,2.39850754337526,2.68013231989407,3.36732927513069,3.79294371600059,5.23927923826162,1966.5
1.85437426372027,1.83428067110069,-1.14352590814025,0.0335005807999895,0.431543132994177,1.06403545864273,1.32977522350349,2.36380352628627,2.64740610316825,3.315393710658,3.74897813077149,5.19873135411226,1966.75
1.83092206803935,1.80822202533037,-1.15835139657612,0.00607996874357242,0.41801750916853,1.04309950223273,1.309006849628,2.33805347150628,2.62282621812377,3.28982291153267,3.72336706072942,5.17150681935176,1967
1.8500865787488,1.82699119239961,-1.15421540696438,0.0363067970441397,0.442012579554211,1.06172388989341,1.32744792457846,2.35451425064588,2.63998573102628,3.30671846871363,3.73471881025092,5.16361154435414,1967.25
1.88676412047743,1.86417089524222,-1.115906024354,0.0871957784745199,0.480018087316554,1.09862023061365,1.36080900068307,2.39108177259969,2.68077399138757,3.34678240074238,3.77711816671912,5.18406621339779,1967.5
1.92637305403328,1.90054059325381,-1.06408456739417,0.128719120882563,0.52374765779038,1.14151112085364,1.40293049971059,2.43061120626628,2.72171029199209,3.38335953654544,3.82010717654724,5.22658423151231,1967.75
1.89701884150683,1.87193469367696,-1.09405215762499,0.102541445664775,0.500254528601165,1.11263617758042,1.37655862122073,2.40143536297888,2.6862314394493,3.35556393749838,3.7926112568508,5.18690568367213,1968
1.91698256273513,1.89243407166503,-1.05726991387028,0.138418396829037,0.526885044403143,1.13531351617352,1.39467908918339,2.42382394411711,2.7015924300203,3.36924409772199,3.79982159188404,5.20033121082027,1968.25
1.90272049322098,1.87953096159909,-1.09169613971127,0.127761452573486,0.514501312902663,1.124555667787,1.3823821103667,2.40300113878783,2.68747247156783,3.3472123850927,3.78820781833332,5.20836646967847,1968.5
1.92916995507482,1.90310518979219,-1.0322759012596,0.153840482990793,0.540496159027797,1.15271057372978,1.40852555306702,2.42702180685854,2.71843517884621,3.37487857487925,3.81476850551687,5.25484684521598,1968.75
1.95194986404184,1.92500038290502,-1.0101075123452,0.177495990857174,0.555174431930159,1.17577353665325,1.43286713632987,2.44783109315292,2.73784272970837,3.40686317769287,3.84429912093421,5.26551247694418,1969
1.93563489548464,1.91130233658122,-1.01797136932354,0.153911031490834,0.539317886430776,1.15793747953367,1.41455915719604,2.43257798354581,2.72076183414451,3.38554353206093,3.8451469870746,5.26074047195117,1969.25
1.99329299262263,1.96417283056783,-0.96077681064938,0.216922910068735,0.595169764246183,1.21545387257123,1.46973165693623,2.48956771092631,2.78338330596993,3.44819653319619,3.90923084494479,5.30757200375496,1969.5
2.00133057360663,1.97063422913037,-0.950278684643459,0.232534447053138,0.60515666506749,1.22363782820856,1.47726528407415,2.49784266058834,2.78815981654105,3.47252251740441,3.92108402104588,5.33695514036021,1969.75
2.00494520045127,1.97282380131509,-0.957718148083448,0.221427797184733,0.611764732565177,1.22591720759486,1.48074300356033,2.50247148279886,2.79368010053264,3.47242004811041,3.91931359002472,5.34193151865455,1970
2.02233181388882,1.9921412163563,-0.948494967184269,0.245694311657502,0.626738940190856,1.24339694403584,1.49756023512592,2.51993008745465,2.8106354565416,3.49409879701757,3.94250007595418,5.36675382319903,1970.25
1.99534507484192,1.9653075942032,-0.93779703934546,0.229642771837198,0.602863931496176,1.21973423199533,1.47245543007075,2.49428135419814,2.78181684985019,3.47208010686192,3.90502419610942,5.34819322931659,1970.5
1.95246081931489,1.92088800379277,-0.977677696287703,0.193772224589996,0.556651473138984,1.17281635663418,1.43075032396801,2.44824010976914,2.73742138913737,3.42984367912609,3.86618316546853,5.31369533629874,1970.75
1.88577917730199,1.85894551631358,-1.05018915190073,0.119275506890787,0.495263709112546,1.10391530151079,1.36406166712481,2.3798125293302,2.66841729886758,3.35963700367303,3.80484284885149,5.26119881272918,1971
1.91045696222166,1.87973077673408,-1.04391767021162,0.138842225846563,0.525771136007657,1.12982586962218,1.38804035187463,2.40468014239863,2.69338292104472,3.39346322138043,3.83649236144574,5.29335181760025,1971.25
1.92761064387206,1.89834707737675,-1.04383565499441,0.162262022512319,0.546633949439054,1.14317963322607,1.40209331251093,2.42395119060425,2.71282189809139,3.41286578993522,3.85254711310311,5.33092832401034,1971.5
1.89538217165414,1.86689112038098,-1.02630505064462,0.123634543274505,0.509988438171574,1.10889119740493,1.36689085343389,2.39130559239414,2.68121611228845,3.39259463377336,3.81879967101412,5.25317536408922,1971.75
1.88034869599108,1.84907862771801,-1.05651876572615,0.109135087340347,0.496235568809154,1.09336984524587,1.34731740825957,2.37377220407986,2.66676575633174,3.3765247445767,3.81278896613636,5.2515220384073,1972
1.88916689311114,1.85871543095064,-1.01501928667033,0.108203039706964,0.497626010115898,1.09929131254176,1.35387445093073,2.38800827969793,2.67696211032958,3.39368371911949,3.83406889976536,5.2820061225111,1972.25
1.8907954996815,1.86081936426184,-1.0239163278049,0.106765614032386,0.493565958391771,1.09823829011691,1.35302006630132,2.38762766609094,2.68177186824462,3.3924445601273,3.83957253774758,5.29783948978259,1972.5
1.89634390869416,1.86615338116789,-1.01364416665953,0.114300258713541,0.498361580664897,1.10166986102274,1.35472895492462,2.39600953839985,2.69620202702686,3.4046005939448,3.84967666007539,5.31518667362369,1972.75
1.90137534584612,1.86944363614514,-1.0261944320884,0.118088065960995,0.499724177700376,1.10396308660584,1.35596730752769,2.40367032696932,2.70145988136023,3.41639401758651,3.86162068051535,5.32959283392137,1973
1.87597460185481,1.84465912415185,-1.05589165027057,0.0825918385847073,0.466769033744933,1.07454766050996,1.3277519504507,2.37950445731806,2.67869881517351,3.38674945772671,3.84101940453015,5.32832007341445,1973.25
1.89164924267123,1.8571657877203,-1.03684445050264,0.0982736622223594,0.482156285937094,1.0876332970768,1.34437542720319,2.39793424794734,2.6976970875527,3.4187914404927,3.86424133914868,5.36305934771716,1973.5
1.86219487231141,1.83083721698705,-1.05588953610127,0.0663008195736587,0.4448431918831,1.04967146002535,1.30618323934313,2.37443047678921,2.6749100699552,3.39941377548633,3.8537723923712,5.34147243319151,1973.75
1.85285350783938,1.8229329862824,-1.07196541719436,0.0560206984604363,0.426611396983386,1.03247131620867,1.2971818882847,2.3677259474881,2.66929162114413,3.39100118013328,3.85826786028161,5.29794538928661,1974
1.85514641489234,1.82101511132651,-1.07184421543329,0.0446561291763707,0.423407873236982,1.03425583276567,1.29639280594275,2.37366885720033,2.6737208765461,3.40889307355791,3.87549110162195,5.29926875452359,1974.25
1.86537033544923,1.83094063183128,-1.05663538019611,0.0578619893102541,0.432751294904003,1.04251648626535,1.3088864233871,2.38249564892477,2.68181796732658,3.4200822819065,3.88393478231859,5.32991875508818,1974.5
1.83958431198281,1.80695358999138,-1.1209269736943,0.0379668530562087,0.402587056414152,1.00867966445517,1.27921733243421,2.36223139883722,2.66159422351094,3.39450679874049,3.86301300937563,5.29896505265835,1974.75
1.85996297156245,1.82733102825323,-1.07441856265934,0.0598496412766294,0.422983635009148,1.02392804256993,1.29924712009358,2.38364534289167,2.6844911383168,3.41465701627614,3.88602346905289,5.30071880203073,1975
1.87768615714147,1.84261026327131,-1.03323308298194,0.0700211942358067,0.43716453496933,1.04491893360134,1.31509835327746,2.40276914361463,2.69916448346598,3.44686032195328,3.9024406713413,5.33381222966025,1975.25
1.87590661523945,1.83982922909158,-1.04752658734455,0.0607342897621006,0.437088236076189,1.04168540654351,1.31235882185322,2.40198407374235,2.70180292195328,3.43805849618458,3.90400551252368,5.34275720303304,1975.5
1.87366748993716,1.83620735526656,-1.03330601204231,0.0571244721261106,0.427540021630394,1.03643357000992,1.31090312530941,2.40290387350832,2.70334816774588,3.43787043878596,3.89541555104888,5.34819873440963,1975.75
1.8525086386023,1.82085032137939,-1.0907253911567,0.0268533553813377,0.393068751784303,1.01100731892124,1.28337128590907,2.38149538990369,2.68400457136902,3.4043082053829,3.87485607964584,5.34041057906376,1976
1.86529445462632,1.83075315103072,-1.08479188193103,0.0362998774866057,0.410177534259944,1.02311380515125,1.29396009245634,2.39540930049518,2.70049549599548,3.42125171789886,3.88549500724296,5.38122305600406,1976.25
1.86750988177533,1.83363873786492,-1.06662147189713,0.0270192038074208,0.405719014259558,1.02502771746982,1.29513358828762,2.39886781649177,2.70024483901836,3.43427501371098,3.89211535419952,5.35981518843036,1976.5
1.83717016187305,1.8068979688924,-1.12344649824447,-0.0145563173270293,0.371404948246868,0.994177777046033,1.26345071733328,2.37123959431167,2.67559602879988,3.40271900218794,3.86309245662636,5.33582064616416,1976.75
1.86389064206837,1.83114862110912,-1.10183108741191,0.0121984704044458,0.395718669948901,1.01642765953874,1.28821552756164,2.39716573419989,2.70192809774183,3.43215629038868,3.89715128510855,5.32589151476606,1977
1.85564545739024,1.82648436481015,-1.14876466507129,0.0102409180766567,0.37941257354365,1.00766847250899,1.28219703270451,2.38761037155033,2.69456909388629,3.42297767236905,3.89465912975422,5.31118155088312,1977.25
1.86287416817904,1.83397309778344,-1.11549643122886,0.00926950618449141,0.386384964448117,1.01172556935916,1.28647667278437,2.39609866288754,2.70368513820963,3.42702899482831,3.90695721015222,5.33348928070881,1977.5
1.89459218384953,1.86544359877912,-1.0656247651973,0.0336673003436978,0.417878307058935,1.03829347059507,1.3162871861847,2.43317827402145,2.7366255412855,3.4646845193572,3.94278781579933,5.34460278618839,1977.75
1.91969414870591,1.89151885164073,-1.06637012883525,0.0494777440141405,0.440523928025856,1.05906006053144,1.34125745885208,2.46293119806443,2.76458133544025,3.48747220998229,3.96542950883095,5.40902678188983,1978
1.93040088598451,1.90544163040664,-1.04867367449903,0.0498976837270177,0.443689184453758,1.06712691853326,1.34775016867105,2.47550801365158,2.78157602454405,3.50514030550465,3.97542986028528,5.39621871478774,1978.25
1.95046891693785,1.92830892458556,-1.03927816760824,0.0652803369952792,0.458755542891177,1.08130259021748,1.37018516396089,2.49542048523126,2.80411572513869,3.53359819181934,3.99734962209052,5.4285523082121,1978.5
1.97152048043476,1.94655897508134,-1.01579525488693,0.0898963625199201,0.476566794611632,1.10020811284869,1.3886855702945,2.52087440854509,2.82345298753706,3.55224690569898,4.02165154024403,5.44963098174872,1978.75
2.00437141690299,1.97916900912541,-0.973013771958083,0.11251826877881,0.498621950653863,1.13568851073898,1.41786795085693,2.55816635657525,2.86159625992883,3.58751938487007,4.06532033676125,5.43938038142902,1979
1.99679373208805,1.97564118279044,-0.984071557790061,0.0981376583046787,0.474361645015526,1.12197865841877,1.40660392625185,2.55169193392072,2.86046783984537,3.58930065495319,4.06338712047802,5.43068385201284,1979.25
2.00055665486135,1.97992574425822,-0.998266989103412,0.082326198755803,0.470992341933987,1.12471118628159,1.40734049504739,2.55885386102319,2.8713076035998,3.60640184949633,4.05443271511301,5.42434857862241,1979.5
2.04548447444244,2.02721668790175,-0.964455986541187,0.121090297728995,0.507031682003158,1.16189084441094,1.45057507399398,2.61010642120147,2.91971284289242,3.65274192825696,4.10838957152349,5.50437227048466,1979.75
2.08835427161563,2.06760264941576,-0.94695777218722,0.141774673247786,0.537221652654071,1.19731020584618,1.48740218425171,2.65905161130914,2.97921653577965,3.71019305503856,4.1531934865312,5.57534700867521,1980
2.0834978504707,2.06405042315808,-0.975634835857157,0.123414263398715,0.521449592804774,1.18696279855242,1.48041638816553,2.65961079512202,2.97798632511321,3.71968530580345,4.16182845822441,5.54607994491179,1980.25
2.09946763418231,2.08122417636373,-0.981761878729106,0.124981507932827,0.527169606240806,1.19202260170583,1.48963160237108,2.68260797306496,2.99950204870039,3.73703929674959,4.18806667446152,5.53816185563176,1980.5
2.12779834414814,2.10907321299698,-0.957030840860807,0.137308692518077,0.544196816568268,1.21790830277694,1.51086078081872,2.71513338335475,3.03293610469521,3.78237756215696,4.23568177531313,5.57506959620615,1980.75
2.13577465837473,2.11640204636556,-0.950977469367183,0.143507994188566,0.537169051154089,1.2203868462777,1.51327122742519,2.72935387719559,3.04812585714937,3.78829585886668,4.24432964923074,5.60822024657857,1981
2.15813330508228,2.13862377328356,-0.936612439657708,0.150449325678426,0.557831729872943,1.23743497306753,1.53062862689195,2.75933419080802,3.08020428399123,3.82221477516618,4.27504698306032,5.61387201061632,1981.25
2.19303160053313,2.16919982430247,-0.925002120577616,0.174558061249289,0.588616620627143,1.26095306679391,1.56142669796663,2.79940869629853,3.12583725857848,3.87761260126643,4.33451760751186,5.6471143238793,1981.5
2.17528921675134,2.15294598324171,-0.931685617507785,0.14364139540773,0.560658339436211,1.24045507227054,1.54067242393511,2.78388438882974,3.11048919170693,3.85992167040125,4.32245574971252,5.63335009710436,1981.75
2.18160866695246,2.16110142522544,-0.944969593027617,0.147085510521872,0.563177487070728,1.23975564463982,1.5456837851745,2.79581714754304,3.12401643700695,3.87449542906425,4.34475713142379,5.65621916659021,1982
2.19928055485435,2.17556263750906,-0.949676049320553,0.148261461703816,0.570288325332228,1.24834459200934,1.55902174907033,2.81775006116386,3.14436641182904,3.90468128017022,4.37973531819085,5.67375932189355,1982.25
2.18998817388401,2.16830730490622,-0.986566841835542,0.130104136516612,0.547549849313118,1.23388126135637,1.53992478528792,2.81030538073637,3.14004137624039,3.89732124344325,4.37941812084446,5.65641873278672,1982.5
2.15281897312689,2.13293886157422,-1.02589239184064,0.0805083817186016,0.512959381264722,1.19682898844274,1.50821844215426,2.77311508832838,3.10828487659424,3.86047023368185,4.31344641726646,5.59487964407474,1982.75
2.15207710389938,2.13166962000148,-1.05091844325537,0.0772298975295964,0.496992478145015,1.19187939931927,1.50620640469866,2.77528237153771,3.11311634566374,3.86918966681758,4.33773613869441,5.59872183717951,1983
2.15922471803846,2.14288487058164,-1.04656364495888,0.0713741548655076,0.48992118106591,1.19057618182001,1.50535418406419,2.78626481201975,3.1283552390615,3.88895717524538,4.35415125454391,5.61299561612992,1983.25
2.18149537308247,2.16248699846532,-1.02497211059351,0.092347049144589,0.516918462894033,1.20790168232744,1.5253757069428,2.81296389868211,3.15847203862733,3.92167022344129,4.3911497106354,5.61947680881811,1983.5
2.17451873522712,2.15620732688649,-1.08562170446322,0.0817121128402558,0.495273354786565,1.19625179473332,1.51411988474188,2.81055783751347,3.15120472986182,3.93074229343633,4.4016212715439,5.64546528701908,1983.75
2.17354245310832,2.15670296140651,-1.07590376805347,0.0651137180814354,0.487073031767256,1.19122436740929,1.51169757885024,2.81544440079597,3.16001953883535,3.92719729331413,4.40037939699,5.64989148751641,1984
2.20188275837933,2.18539471705751,-1.07328980185571,0.0868137259333821,0.503144448652934,1.21012558396327,1.5322374652774,2.84792002639345,3.19754803401646,3.97046936056607,4.45712109054696,5.68351377336422,1984.25
2.20818528334418,2.18453849992245,-1.09530027206486,0.0819575545200699,0.505360493215605,1.20984019401244,1.53234673464208,2.86060456322107,3.21089314517408,3.99795906030898,4.47327172258969,5.69948942043125,1984.5
2.19120157773001,2.17024373632732,-1.1291505461501,0.0394197276574122,0.479850348396368,1.19169884211273,1.51293461047595,2.85093397161393,3.19492409884623,3.97930755714273,4.47090576887412,5.67135139412821,1984.75
2.24722633902792,2.22281525372765,-0.904564505971122,0.148239271613678,0.560479195441052,1.25179391957354,1.57973378560151,2.89526712073642,3.2436350631153,4.01454396938459,4.46193044957153,5.4531410585743,1985
2.11534608164196,2.09902991520686,-0.783150409507187,0.156334757236527,0.52684037637291,1.188717441138,1.49423881292674,2.71685033541811,3.03473037279071,3.76859471294649,4.15273647557021,5.26086884262377,1985.25
2.22490581177345,2.21317365765058,-0.700711963660014,0.253444747733377,0.615084799532312,1.28146657664956,1.59735646919295,2.84686572718881,3.16166503556702,3.86650182457392,4.25735135462605,5.21441410754194,1985.5
2.28875907109562,2.2868467472603,-0.951475901703141,0.193825971471545,0.604119918049313,1.31711914116274,1.64793663819868,2.9300480370969,3.25834020387668,4.00138497706025,4.41975519516606,5.41568644125332,1985.75
2.24337666404165,2.24537033108955,-0.783458693305894,0.216129483388068,0.601313078987689,1.29078450444731,1.61134060609014,2.87790521436414,3.19489223681458,3.88914677889609,4.26500725408188,5.22571893590862,1986
2.38705374132225,2.38690881968159,-0.762182096969649,0.311482875867769,0.693622857640455,1.41401352715223,1.74336069308303,3.02502604850675,3.36247279000495,4.08093067356295,4.51333659860088,5.61155472188701,1986.25
2.34245074593645,2.34165751861996,-0.97056394655597,0.232070962642567,0.641070030264985,1.36190073360992,1.69994736253409,2.99506121757212,3.33093440311296,4.04451618934199,4.45129953245545,5.48015296703535,1986.5
2.34737618174993,2.35280904720439,-0.786653156520861,0.258276344341485,0.66439687237822,1.37906296854148,1.7110490695857,2.99645664509299,3.31514217869089,4.00047716786189,4.36761008160982,5.37044887121335,1986.75
2.32539763066125,2.33301276454779,-0.688700455036946,0.292448811123038,0.674859682631222,1.39104424930595,1.70716104689243,2.9565459302638,3.26765989561671,3.91071664468304,4.2970075138179,5.23579379196411,1987
2.42176506156374,2.44362000004415,-0.828999262827514,0.294508254689989,0.715718313473114,1.45876506160775,1.79012296379245,3.07705148593463,3.39131681589967,4.05990608938929,4.44185117799688,5.32008178118311,1987.25
2.25644333667503,2.27411884230762,-1.02351117570772,0.0887728914090964,0.537328841584731,1.29316110873228,1.63147649052696,2.9112359767571,3.22230659129279,3.90401562491725,4.25638503870926,5.18467289824818,1987.5
2.28017897989781,2.29970042098241,-0.77216582948879,0.186606716762291,0.606137012823702,1.33173529627123,1.65353304080682,2.92321074434987,3.23367128168099,3.87944608211791,4.25004930291762,5.14099257440842,1987.75
2.2348180300103,2.26183403900358,-0.878805551118807,0.115645613558986,0.545654133408856,1.284401295014,1.61854816738941,2.88526913994085,3.18642996601718,3.81798821600209,4.15683429570396,4.98703432664315,1988
2.24089897547621,2.2650306148135,-0.760279991162744,0.194604354852343,0.588637512175029,1.29525804782351,1.62802784894305,2.88977015243959,3.18457299820547,3.80383763241662,4.13671304979106,4.99916299227969,1988.25
2.21795115001471,2.24667929371213,-0.812196161618271,0.2003610756164,0.608887427147369,1.31846858403779,1.63961975145227,2.84009316453978,3.12040658662941,3.72289068620102,4.03699092929397,4.80213467142132,1988.5
2.45153630208696,2.48660903081231,-0.789998100325846,0.358846883133214,0.789737683924795,1.53011193218605,1.86332155397263,3.0941623649604,3.3848990481583,3.98061129907779,4.31923915720723,5.1488126560019,1988.75
2.62464696007458,2.65778840910722,-0.576938892699539,0.478036251022809,0.909297626716143,1.66167006757347,2.00254220760142,3.29341206089646,3.59503456122447,4.22089939749719,4.56273714153402,5.38550088258104,1989
2.64748906664033,2.68514876841294,-0.550103920824128,0.574223034340619,1.00073095715131,1.7247860168773,2.0488504557098,3.28977495745477,3.58161373098733,4.18039555601287,4.49948283557667,5.33285232484592,1989.25
2.92604878621706,2.96982183418288,-0.249574631974538,0.770523009610439,1.20548147238217,1.96410643800714,2.30897491750769,3.58490928024516,3.87504372868554,4.49786621231654,4.82773223771087,5.69443948836252,1989.5
2.86119703895427,2.90922074152784,-0.499753819202953,0.666872258762155,1.103792514462,1.89976112862522,2.24755671455634,3.52821461757556,3.81921118008937,4.42025829858434,4.75513465111897,5.63836122523153,1989.75
2.80110603147783,2.85862309512056,-0.718256446257302,0.490068391238911,0.943833011848252,1.7716379017351,2.14127998540962,3.51752953007561,3.83274630833492,4.45191932343062,4.80654500062257,5.72061269917335,1990
2.78735925007034,2.84793665415917,-0.742476753686439,0.496681501027422,0.997407462804034,1.79302158071839,2.15123937788979,3.49342951195494,3.79178636233214,4.37732814596035,4.70405936569561,5.55200096735231,1990.25
2.57538432642953,2.62964080344479,-0.790599852864895,0.384940272110965,0.865584874003529,1.64410019786406,1.9852270698488,3.23426900663366,3.51258889857478,4.09657629464003,4.41132520396152,5.25401029827169,1990.5
2.48600977463667,2.54148565300161,-0.661976256179471,0.474253102030366,0.889215128211788,1.60280094542057,1.928196338954,3.10348135672407,3.37401013264055,3.88583557540763,4.16679483882803,4.88846931062825,1990.75
2.45387383214236,2.5140721252166,-0.631436599355418,0.417565442625844,0.847583678984395,1.58142816093107,1.89810699917056,3.07906694598987,3.33100188710585,3.86072015984276,4.14057203114902,4.8033463473025,1991
2.52851971132018,2.59095614241098,-0.781502660772736,0.440478737875061,0.91227930234871,1.65898102120431,1.9850690284466,3.15115118051462,3.41467002464012,3.9478706126957,4.23441027706317,4.93753346742966,1991.25
2.49457772878572,2.56498528116961,-0.743234943242798,0.453525219292674,0.912617905759044,1.64290876460983,1.96083491205725,3.10021371275943,3.35832408863516,3.86289384437313,4.12443486655604,4.78183354255726,1991.5
2.32565541496413,2.39088749608584,-0.885719762673522,0.315499281065625,0.744056932270136,1.4854742485894,1.80077645000769,2.93037253980972,3.17532848777196,3.68667599291189,3.9632905320906,4.65181865389789,1991.75
2.17960569145263,2.25295713748982,-1.20052673043722,0.100463498264515,0.546808851429916,1.31321865001949,1.64111265392168,2.79591994646042,3.05088757792747,3.57632412824519,3.85965190092163,4.56054589983479,1992
2.19296610752954,2.25172397459521,-0.804479194335626,0.234133247889709,0.653456851025449,1.37212664959186,1.67592041889407,2.77290252600483,3.0221270936277,3.53006404162558,3.81084234437343,4.51465894551234,1992.25
1.96846462264895,2.02540776882078,-1.19857424093458,-0.0269812468120501,0.409104984672452,1.13020977593112,1.44266464221731,2.5601262447686,2.81867002194485,3.34173803523482,3.60814215670205,4.33635195231208,1992.5
1.9266561506875,1.97948914909478,-0.988241098873143,0.0376114658871805,0.427936580717201,1.10597742187214,1.4152974600708,2.5034062323577,2.74605003427144,3.24848013487886,3.52056719382003,4.18651789624303,1992.75
1.81932206628419,1.86697488401276,-1.14012607440716,-0.0999112674474862,0.297729793749198,1.00050582998326,1.30130531366769,2.3978702944061,2.65226887938153,3.15896426238324,3.44607226563493,4.14751368680417,1993
1.66872125109679,1.72039953597557,-1.50840589353617,-0.358584467603819,0.077169772177037,0.82146187586714,1.14218170431919,2.26526340217009,2.52870062032867,3.06005380341979,3.35483877098577,4.06612912589175,1993.25
1.73519890156694,1.78642199831688,-1.21147144418435,-0.167764929509936,0.245993899081382,0.929938941982741,1.23067685617833,2.30389396980885,2.5508108199534,3.05904107595017,3.35526343408332,3.97679682172213,1993.5
1.64571752399594,1.69859216737976,-1.56001444077399,-0.382908267170909,0.0571273686788381,0.781567009809666,1.10521707026235,2.24472305829917,2.51431902306454,3.07647234032091,3.37752839583788,4.17062115420652,1993.75
1.75562271451181,1.80559312669672,-1.17658540237968,-0.114758619478004,0.286009065550613,0.969234806950115,1.25836280772197,2.31003024003894,2.55222727134323,3.05934648597547,3.3303805702768,3.94983621853509,1994
1.85766812429873,1.91094779078104,-0.870155302072964,-0.00133541343614496,0.388568099959141,1.06435077932347,1.3559075286609,2.4143360269818,2.65609603486229,3.15416449954615,3.42264310378468,3.99705931061751,1994.25
1.8367596407419,1.88048743769572,-0.940286280799393,-0.0012403945538555,0.378528289148393,1.04195039045566,1.33260311013924,2.39253777003186,2.64477793374976,3.15359145056209,3.41733889492728,4.01540370476151,1994.5
2.09792172329007,2.14221631964736,-0.897862710779187,0.178883151575198,0.595913342428735,1.26907077219841,1.57185675202735,2.67116752631456,2.93173703710993,3.47248089094002,3.76584822229463,4.4371305008181,1994.75
2.06013910225719,2.11480692192104,-1.06949437920864,0.0878972990878135,0.529021073870495,1.24439010634297,1.5466436775294,2.64034801517963,2.88962772545156,3.41211081802538,3.71634177432848,4.415745932085,1995
1.97057733724343,2.02010113824837,-1.0195177632656,0.016574581627296,0.434176665837552,1.14586040361641,1.4550069360528,2.55007105547991,2.80554793668572,3.32339656458738,3.59738176864404,4.27204489484709,1995.25
2.15377090042315,2.20388385582966,-0.855840117769807,0.222873036379299,0.626141062738445,1.32780449359687,1.63216899901301,2.73296789899065,2.98528512122745,3.52099348993297,3.80177500778149,4.50942229885972,1995.5
2.16317351991261,2.21580478219817,-0.855356417023472,0.194854623185579,0.615168867991268,1.326782661942,1.62951829996061,2.75943722369619,3.01788590796577,3.53098311897863,3.80859935776526,4.51197518437779,1995.75
2.06798982749801,2.13487219721985,-1.19959641326169,0.0147022319264416,0.482506288060054,1.22613260035949,1.54861346712176,2.67115832041078,2.92780570623216,3.44376940036925,3.71169928387004,4.41110348324025,1996
2.11144990924339,2.17095899980034,-0.944476312393768,0.106044051988723,0.538417683397596,1.27933138109545,1.59004668715072,2.70898181982717,2.96230834780507,3.46931376216175,3.72859970006292,4.36099683180776,1996.25
2.21560363511329,2.27996584638865,-0.966560117815948,0.20079364615636,0.664045769105204,1.40150333043877,1.71578302763917,2.79303149234536,3.03812319527803,3.55002291129464,3.8392182407085,4.54706775703297,1996.5
2.08177780450129,2.14456426302387,-0.981431798088538,0.213677348592494,0.615284257670281,1.28785565785671,1.58810841807991,2.64823814568736,2.88473179348954,3.35888962294595,3.61665026020157,4.18303887925873,1996.75
2.21587396807068,2.28477744250739,-1.04883116349538,0.224026313740795,0.666205763352798,1.40973590601196,1.71718372748597,2.79444407579936,3.03526414045288,3.53475793285345,3.82945540367179,4.57051446866488,1997
2.40561395834068,2.48748502873833,-0.983378107760605,0.304016203463942,0.796158580844562,1.5629939851774,1.89920442443241,3.00665593220143,3.25061837957045,3.74545826708344,4.02533504457692,4.72285968344466,1997.25
2.42635759296704,2.5139531300891,-1.15951006394572,0.310930038589298,0.823559984458977,1.59724069996742,1.92642354358489,3.0319043290865,3.2719745996542,3.75600966255874,4.03067714169663,4.77382055531765,1997.5
2.47649302697633,2.56545189420456,-1.1159095991411,0.307785806766098,0.822524292831093,1.6560374952598,1.9823910180919,3.07479973292033,3.31376250908926,3.81280232892564,4.11117924856143,4.91068701255891,1997.75
2.58996355274611,2.67039194520462,-0.947733407380734,0.462175720256012,0.977326059445886,1.76818521246546,2.08973323251548,3.17986930510773,3.42204289852136,3.93425528022272,4.24907877887213,5.09011332312197,1998
2.65067233691622,2.73917666720697,-1.02057593439401,0.423124703620497,0.955087058331433,1.80290587344256,2.14759290935407,3.25643702921286,3.49542382809049,4.02013595302432,4.36150494164235,5.26333225248956,1998.25
2.47542612635003,2.57315955483617,-1.49719664569653,0.143383104671606,0.716911235899884,1.59130573736881,1.9460581510344,3.11963339096044,3.37649676033718,3.91792949552417,4.23474549482924,5.17950029004592,1998.5
2.36557825101204,2.46857003597919,-1.52437108953783,0.0460716088211957,0.588189449502405,1.49597642672698,1.84153096854947,3.00974916641731,3.25851588061799,3.76670859855419,4.05543057549513,4.89662919023257,1998.75
2.50859085278468,2.61708494407065,-1.21743132591238,0.272753212405879,0.807163232275268,1.67856908627199,2.02118329587346,3.12556695052186,3.35037448032728,3.81982715418872,4.09106086578481,4.85975546695006,1999
2.42643774469819,2.53615236887087,-1.31933566759575,0.131932381012822,0.71220686727799,1.58292370257295,1.94380830242778,3.03661901127554,3.27167998149901,3.75711641107165,4.06225220688874,4.90710008641098,1999.25
2.56190720531769,2.65634592349254,-1.05126601398632,0.437382709240366,0.986266487850413,1.7976097768797,2.11079070984118,3.13724129048048,3.3579446104366,3.81600370103454,4.08724141080539,4.80625086632981,1999.5
2.3841562381289,2.52112238000117,-1.99352194956853,-0.166930883021372,0.479617893269205,1.48756425588016,1.86743985891731,3.05531683967925,3.30175749283617,3.8168280310639,4.1142558971076,4.94139054232985,1999.75
2.61446167799461,2.6997467239087,-0.76219697401892,0.548820133910223,1.08092098492201,1.86735285213298,2.18101562217382,3.15984799279788,3.38720938377377,3.83756058351571,4.09878087898377,4.80464077616351,2000
2.72127232020774,2.81691606959528,-0.862349242464021,0.547508197300303,1.10274897396236,1.95664582472307,2.27560067973623,3.28994145730882,3.51504614877881,3.97954962113349,4.24142434887876,4.96512534359867,2000.25
2.73315008365705,2.82650018783562,-0.845979109756336,0.674081512101154,1.20399545734011,1.999016817666,2.30567200721172,3.27628709580598,3.49002524459091,3.93822652494084,4.1995244992192,4.94716749655401,2000.5
2.66533868474618,2.77940420566494,-1.2097538287967,0.401370845126117,0.983666824219837,1.87652269254919,2.21897664404272,3.24986734336289,3.47709657575393,3.94104939605883,4.23560207821539,5.09472738701649,2000.75
2.35934233777864,2.45577142607659,-1.01880972617317,0.270289608185932,0.79177442225279,1.58099012248422,1.90711092601414,2.93041040293348,3.14120483347589,3.59903535418544,3.8521618125983,4.5332826910226,2001
2.22909643620359,2.33157235434088,-1.60496112701214,-0.040941555351896,0.516705821151427,1.39370677525114,1.73166537273057,2.84484439258596,3.0866206440362,3.61390396635844,3.88725387852125,4.62250412504534,2001.25
2.20539856704907,2.29930687166086,-1.46428528186552,0.0173086245425562,0.566821576592052,1.41903386736084,1.73894490578598,2.79389386043956,3.02047736951222,3.49862930848148,3.76842445275553,4.57219239850287,2001.5
2.15680191782334,2.24287240998616,-1.3238775281598,0.0856324683502123,0.596892327745859,1.38135448079744,1.69564280759983,2.72230731498732,2.94806418476744,3.42672715965037,3.67207633449446,4.33662077289828,2001.75
2.16155277558862,2.25284602489125,-1.20522740607139,0.0914570663570569,0.580847994916539,1.38060084598772,1.69953478332582,2.73211697929726,2.96288006259599,3.43841933477568,3.68224577145797,4.30549531026853,2002
2.07494991480486,2.16564873420782,-1.35787317032379,-0.00604394157392818,0.509051524137618,1.29730390370566,1.60808622987239,2.65295346969017,2.87784311237391,3.3434793211442,3.5970524012796,4.24596734994541,2002.25
1.95621223070924,2.04032016774744,-1.56570683846853,-0.198685299109769,0.336577539877482,1.14555481128438,1.47139435170566,2.55140873383182,2.79040168189426,3.28713714569006,3.55459598360309,4.24164001964926,2002.5
1.8885469357536,1.96976220010768,-1.75978345879733,-0.294347624695487,0.242791852444807,1.06037606270209,1.3869527227483,2.4939868290422,2.7410388431932,3.26922228426715,3.5749560012382,4.3336397640207,2002.75
1.72185679597792,1.8060622625652,-2.0653555138895,-0.540402739380003,0.00886924179546433,0.866734194552754,1.20278076023054,2.35131057980177,2.60782662239712,3.12523573757974,3.40005341416536,4.14984966178557,2003
1.79819848757999,1.87856143889953,-1.75618918396909,-0.279313508688166,0.235148293523037,0.995267719385751,1.31670244249569,2.38658615311149,2.62511554959035,3.10319345385182,3.37852265477578,4.04660141401425,2003.25
1.760978197146,1.84514857517683,-1.91758581786481,-0.374255497906441,0.173642639485894,0.953824887232173,1.27144611422663,2.35318389010818,2.59088503508545,3.09810930180069,3.37414581181425,4.04180288111574,2003.5
1.68092751485054,1.76375574689085,-2.02061296790787,-0.521248607873147,0.0026953273699668,0.838799047618322,1.17923741778776,2.29502561965013,2.54734410401607,3.07398677977566,3.37735029277725,4.09881106429098,2003.75
1.58443763681756,1.66530427078142,-2.22918315091769,-0.715477224685294,-0.157200547981126,0.705460206659958,1.05438214604516,2.22255310750208,2.49335555857045,3.0488430939077,3.35222193923228,4.0772582493538,2004
1.58030782777821,1.67881315198265,-2.48939670735687,-0.866760926419467,-0.25173166054765,0.66160526359964,1.02057636814992,2.25465370508695,2.52778715381858,3.10842060200566,3.41965293981494,4.24546659940339,2004.25
1.50670098339941,1.59212143596494,-2.46470718024602,-0.961755614012425,-0.344515180441011,0.579539035078191,0.944683721795211,2.18127660101773,2.46299365066828,3.06500147275654,3.39940165906474,4.26737910045061,2004.5
1.43866554302929,1.5294408865264,-2.57661873104431,-0.952861943463706,-0.388607164011319,0.521787582800881,0.885577235710465,2.11176651573644,2.38778901219785,2.9476450902526,3.26168799476571,4.00537148846341,2004.75
1.5709817639279,1.64341920991813,-2.11212362440263,-0.64363718803951,-0.122515859300458,0.706426384402201,1.040549920246,2.20776151791089,2.46171601810548,3.00754802578476,3.30876424458725,4.03730773489451,2005
1.57847465207298,1.65223453421553,-2.17926055677629,-0.582062736820567,-0.0609576288855851,0.740149601892691,1.06539169156996,2.19151599507409,2.44143728078424,2.98259107982032,3.27861036982636,4.04231279105692,2005.25
1.50849022022339,1.58487659055339,-2.09031131807316,-0.646290140220625,-0.131881182159751,0.670283877612535,0.996363344129534,2.11951003883217,2.37773979899976,2.91179283911423,3.19326666599121,3.86013128780743,2005.5
1.64869026888335,1.71551849718512,-1.75725319511606,-0.382807615540335,0.103897404304119,0.841575919963224,1.1448362595217,2.22976905527385,2.48014580825163,2.98658681025201,3.26409154288775,3.88535481193402,2005.75
1.83403665795399,1.87725017941763,-1.07116880342797,0.0276277722547302,0.446522345682032,1.10188722692345,1.37098435134274,2.35365324855257,2.58492481886475,3.07609068609538,3.3332598290833,4.00410966464503,2006
1.90937708575559,1.95902161344565,-1.17838065886706,0.0988529504934004,0.509760202167984,1.18543204944527,1.4553400466736,2.43587863242416,2.66188279822777,3.13826187770766,3.38441550328049,3.98735367252399,2006.25
1.95898837505915,2.00396249476748,-0.895612617645833,0.246945859744435,0.647336299290984,1.27787148360831,1.52855409906869,2.45330072858221,2.67551347811401,3.13462286306413,3.38553760007339,3.95902310199191,2006.5
2.00416991350937,2.03505061866647,-0.654510265211453,0.391945763075006,0.735456675785738,1.32058775013838,1.57150747837091,2.48654505762491,2.70650360530924,3.17229735087903,3.42275656444044,3.97853550999014,2006.75
1.89275653617635,1.94255512716843,-0.922877485544247,0.154397004432917,0.563823463006401,1.19617083940077,1.46050135070545,2.38905926589338,2.60687140891077,3.06479431341749,3.30088916325241,3.90946819495105,2007
1.94744365347368,1.98016350133915,-0.710040514274957,0.358764822929026,0.71565631295641,1.28760519364021,1.52709723024242,2.41870263514905,2.63121038758041,3.07716766265199,3.32383406093391,3.88330644387415,2007.25
1.91954060958862,1.95181240372002,-0.519732589661215,0.40028590666169,0.75399395889827,1.28301486876395,1.51075223772516,2.37274895051618,2.57438759009649,2.99051248313364,3.23520087805901,3.76606936128825,2007.5
1.66076300225671,1.70176765425559,-1.15070534064678,-0.00220630330121452,0.367706410846135,0.987911735476965,1.23983103409807,2.14455778084444,2.36089866051477,2.81194716802019,3.06401863487502,3.61423707696858,2007.75
1.29362140663541,1.35745610363348,-1.95118353430446,-0.660278135596055,-0.208655174556954,0.502039663699577,0.808843887140281,1.86609769714755,2.11136470439746,2.59573734790396,2.86972559159204,3.50041049923601,2008
1.2069493327359,1.28270940869744,-2.3506923380833,-0.947634118403996,-0.43352620768,0.373701152784506,0.697946722091013,1.81610407584512,2.06767561785053,2.58739317261796,2.86908888727516,3.52205561308884,2008.25
1.26143535907144,1.33630879545882,-2.32116326153299,-0.798481348789102,-0.340215516192959,0.426723168093519,0.748602745564012,1.87139039578074,2.12183886863234,2.6331961903937,2.9005423540076,3.49167248778366,2008.5
1.29085878054981,1.34596013124103,-1.83050846796082,-0.606755865897568,-0.182704140154151,0.509850640260575,0.798188643259175,1.85537459399417,2.09953314751681,2.59221263979353,2.855954022047,3.41275067650548,2008.75
1.3950198672718,1.45028671922242,-1.63048151378521,-0.460932100152286,-0.0358488808392652,0.63137212131355,0.915277552624602,1.94491853940978,2.1798548314096,2.67923052459414,2.93745712143302,3.5302722349442,2009
1.44773981228077,1.50268904113878,-1.60776187358152,-0.398257003918332,0.0197733852704509,0.685948318038836,0.975096891165582,1.99031892266509,2.22541980421296,2.71495614899268,2.96774542221339,3.54194674330365,2009.25
1.42718758964304,1.47984412175466,-1.62256671734076,-0.424696931244521,-0.00334000728998873,0.669580191742955,0.952689401243008,1.97207580640112,2.20889198016168,2.70442063683458,2.95353236923781,3.49992889998419,2009.5
1.40806745463868,1.46345979225779,-1.58855129038912,-0.474681161403579,-0.0497693486349817,0.624511390071947,0.923012413215075,1.96016177213913,2.19744317633024,2.69343947007986,2.94928581343433,3.51657148892509,2009.75
1.43241779276265,1.47715899716655,-1.44691768997542,-0.382937095195544,0.017227185520678,0.665094351476914,0.953487343166793,1.97484550841041,2.21377970512848,2.71009984556003,2.96294066666274,3.55012579085476,2010
1.38313719470214,1.43202033328732,-1.61226860309707,-0.464117543759066,-0.0502942590647804,0.606555296311843,0.89409444192184,1.93700892258239,2.18260804754855,2.6803222279518,2.93042834598934,3.50554489330011,2010.25
1.30405394625903,1.35481456735693,-1.97721357579279,-0.734324081564299,-0.275318017262478,0.453807298162271,0.774791647677378,1.91182118491953,2.16900378149043,2.72562520018396,3.01197460574591,3.67467461171761,2010.5
1.29396310428292,1.34973251321894,-1.89230307865699,-0.669298107340581,-0.241875071859464,0.471910898308858,0.780559938506886,1.88407494506133,2.13345170936846,2.64992665518285,2.91942798924,3.54293525258248,2010.75
1.34914121133331,1.39326397427546,-1.61914439033828,-0.511065626676939,-0.129347810108676,0.536119795230553,0.838011841626797,1.92637832869491,2.1760378799827,2.69339558437443,2.96010244388403,3.54645609976761,2011
1.27299198265816,1.33011643868789,-2.04768910836193,-0.764336821470541,-0.324933737704137,0.410172824244395,0.730763877683546,1.88671439971252,2.15250595009729,2.70855339925515,2.99694508493255,3.69028627328018,2011.25
1.1204059725596,1.21158111942793,-2.70344296663717,-1.22255341926105,-0.658892614273356,0.190601868216749,0.549233414907796,1.79531613123662,2.07102667511406,2.64772758418812,2.93669384149069,3.64518346454213,2011.5
1.20382413653023,1.26645336850734,-2.1338946076836,-0.857736959927458,-0.402747797939002,0.344333454653007,0.662626307106902,1.81875655970026,2.08577335838097,2.62150313956754,2.89651871031078,3.54147230132447,2011.75
1.09670682221189,1.18093975036747,-2.72736309808152,-1.21195620533694,-0.673658210433764,0.176329335565666,0.533004303715299,1.76332830046469,2.03991239136934,2.60397573002585,2.90859640160852,3.61936277756259,2012
1.11084166665509,1.18070846001275,-2.37469957991858,-1.07079620612656,-0.579550146601203,0.212429621160893,0.548560516276312,1.75880372714275,2.02650128599687,2.58929676944439,2.87845001056921,3.57269666347502,2012.25
1.04611271096622,1.13321256389318,-2.94932111283955,-1.37509199088794,-0.779738907530561,0.107883300331409,0.460807529490617,1.74580185463186,2.02793166862112,2.59896358552845,2.90888215051598,3.63076658687042,2012.5
0.987203134602979,1.06059254517821,-2.81251097775406,-1.39378035142462,-0.829865765073636,0.0332816748627849,0.395127944247827,1.67413467466379,1.9688262161972,2.55558192924397,2.87038482269728,3.59749568444375,2012.75
0.991117845860629,1.05558052463139,-2.6167213011666,-1.2400428908525,-0.760652391617391,0.0450801063871644,0.406010817382032,1.66618346164947,1.95223933032006,2.53488149888389,2.84197714322067,3.57705869788295,2013
1.03441034491782,1.08667055688542,-2.18589540203753,-1.06522046738655,-0.624731085357467,0.120731034350507,0.461731870713251,1.67155373859386,1.95281328677406,2.53312068218169,2.82965470679359,3.51901318509985,2013.25
1.06379935486935,1.09960562173711,-2.15816099894222,-1.04747895391908,-0.616804243084079,0.134401924406934,0.47029988167483,1.71501622536242,2.00330345081037,2.6156249143459,2.93487254009686,3.67541708601201,2013.5
1.08878980311521,1.13558849461337,-2.17180563533153,-0.986992531030994,-0.532732469430362,0.196374905351599,0.519562297261412,1.71511108278736,1.99418238886518,2.56778309472679,2.88008228023542,3.61352839733784,2013.75
1.03748717730682,1.08424649977314,-2.23960187743203,-1.06257576630711,-0.626472598620248,0.125942422892975,0.45692609830962,1.67942740358703,1.95687140068917,2.54496017597114,2.85986753755236,3.55489221154654,2014
0.999028242659871,1.0461701052642,-2.39128479802842,-1.15277668418677,-0.697211905194116,0.0662941326759814,0.403036638929885,1.66087211358886,1.94459638645855,2.5338717605045,2.84417448428059,3.59285967080716,2014.25
1.01109049031149,1.04916253922423,-2.25684267411573,-1.11133153969521,-0.663406419953372,0.0814045455959445,0.409870317052369,1.65525838960113,1.9498058314563,2.57680954401915,2.92240639359957,3.70516443868906,2014.5
0.991861367875708,1.03971813650979,-2.46025111286495,-1.19229246767087,-0.693182052514567,0.0727168155965918,0.402385660802667,1.63585957835689,1.92813179420781,2.54201374237275,2.88079098979209,3.66325889051104,2014.75
1.03768766316264,1.06743805234819,-2.12424944670123,-0.983337225971525,-0.572092358367592,0.140154582605787,0.44777917126604,1.66578566323873,1.94814533456925,2.54988366671805,2.87509028645223,3.62683704708893,2015
0.981952015301217,1.01360718538829,-2.21199376470704,-1.1002039269274,-0.656191420947837,0.068908612057013,0.394927277212703,1.61378968259839,1.90429607551005,2.51799288325463,2.84870098108462,3.61345251644514,2015.25
0.922106221545391,0.955467082419688,-2.36379391362784,-1.1700429255235,-0.722952145591576,0.0081630624077107,0.331468766137526,1.55789761572324,1.85469646389865,2.47632505453444,2.82115933845625,3.61714696978509,2015.5
0.932928718201327,0.967465122410634,-2.26726186113774,-1.15116834237608,-0.704279325867082,0.0195268806217888,0.339217580536046,1.56206772350013,1.85826662417792,2.49438448525772,2.83471465904935,3.64756814971483,2015.75
0.889279015489583,0.92879425239683,-2.3529248421427,-1.14646069384729,-0.727090936070475,-0.0125687464688422,0.305244106639274,1.51710525518263,1.79770782798138,2.38977966727169,2.72822814848354,3.46202442609276,2016
0.769688766945041,0.798449763643277,-2.21914824533704,-1.22129209943829,-0.808186164733736,-0.129717012386716,0.186277263679007,1.3895983169659,1.67574399998105,2.2715567138923,2.58532354025177,3.27170003520439,2016.25
0.675884194901626,0.709170624822661,-2.52773399542961,-1.37822183234952,-0.944215106677003,-0.222307424524253,0.0948997389619572,1.30020358741865,1.59085701307929,2.19373907661798,2.50688066948862,3.23089678553004,2016.5
0.695400350790844,0.724725315773943,-2.51769145118602,-1.35408384486493,-0.920086257045171,-0.202142464281103,0.109231531236656,1.31763517302632,1.61456030497206,2.2223771252972,2.54958885952599,3.32088775470724,2016.75
0.763324772985162,0.787986325115476,-2.28204150716841,-1.2262745888877,-0.838389060663021,-0.121962096020152,0.19128099248702,1.36638958208072,1.66628054926906,2.27307984199803,2.60965701231742,3.42937782958036,2017
0.715490612470177,0.727483165662722,-2.19522024920053,-1.20091032593517,-0.813735687935894,-0.157360213619308,0.139188135031935,1.31280796352361,1.5896774861428,2.22319957936609,2.55523740636293,3.32035132085447,2017.25
0.628330507988694,0.643732226901368,-2.52984319161408,-1.33400764610628,-0.923735607976049,-0.235635110173966,0.0600789694212516,1.22973717123252,1.53175737295844,2.1201890189906,2.44693930788779,3.23354446153572,2017.5
0.597429594652846,0.60996539820615,-2.53471160519552,-1.39619266656788,-0.97586259833624,-0.29503182609189,0.0156048462898424,1.2063510787389,1.50624929101629,2.12933785278973,2.47584576051626,3.30635257813026,2017.75
0.65246710484522,0.674278953563914,-2.54626714813982,-1.34474896353928,-0.943312149542127,-0.239171664718485,0.0707138900300777,1.25962044317388,1.55553923095494,2.18550766113309,2.54552535554343,3.42424673658229,2018
