"SmoothedMean","SmoothedMedian","SmoothedP005","SmoothedP025","SmoothedP05","SmoothedP1586","SmoothedP25","SmoothedP75","SmoothedP8413","SmoothedP95","SmoothedP975","SmoothedP995","Date"
1.16927656199301,1.22138306069892,-2.07624819487653,-0.816332328912555,-0.351557564321045,0.341436535441554,0.648678404245511,1.75694386193493,2.00229815391958,2.54572690170206,2.85123436357113,3.62756113877929,1960
1.14095912886833,1.19318080692358,-2.09590037710778,-0.827157914481553,-0.37494688686939,0.3168039785281,0.625453409331227,1.72731238464021,1.96922202651646,2.50750929190428,2.81261335765603,3.58493104800223,1960.25
1.08574339326286,1.13458052216467,-2.14582283771545,-0.878290437514895,-0.425847659972542,0.267315121954487,0.573529924181498,1.66553999369139,1.91232604355803,2.44784041266444,2.74657059768718,3.51165344899888,1960.5
1.11277579062443,1.16148446273135,-2.1144582441165,-0.847830361841694,-0.396151910398826,0.300037431172806,0.604673798027607,1.68966988594164,1.93574202067269,2.46744643814485,2.77530976659313,3.5496084709424,1960.75
1.1286732172462,1.17810908992818,-2.08724836069022,-0.837435071756957,-0.382771359568881,0.316713274803943,0.623873114030943,1.70339461328739,1.9501912489283,2.48572414282823,2.77605133440322,3.55297601767081,1961
1.14296215054,1.19256620360603,-2.07324274080657,-0.818638102481026,-0.360656720943254,0.335153665021741,0.637883143329436,1.71822445529755,1.96637308464515,2.49035201185561,2.7927000074184,3.57326787374577,1961.25
1.13732105795203,1.19045011482685,-2.08251943720859,-0.81251878884652,-0.373949023329022,0.330039197401186,0.631746895096963,1.70964912893636,1.95827277773017,2.47690534450508,2.7807198830132,3.5541166570868,1961.5
1.13828252775228,1.1897625764613,-2.06972113643475,-0.798063059949799,-0.365987302115414,0.336089549461916,0.636055288447855,1.70722168565075,1.95524528526426,2.47841865192884,2.78613523632304,3.56937521913605,1961.75
1.10272566804445,1.15178688692428,-2.12949343421222,-0.832142763576554,-0.401271915319755,0.304735819456598,0.605897067495725,1.66901915386514,1.91835439271585,2.44082214805117,2.74591109684009,3.53386711997966,1962
1.08008772888431,1.13086334395512,-2.1114053537835,-0.851200709441562,-0.414012713114082,0.28402141518778,0.582608396131917,1.64367307917722,1.89217113873892,2.41396896018878,2.71690970219172,3.49881344269399,1962.25
1.10367907543917,1.15154225401778,-2.10993201019108,-0.818074774223672,-0.376929987608553,0.311029964648826,0.605610010422708,1.66320572299902,1.91284879370062,2.43363771309654,2.7397164712118,3.50859169620371,1962.5
1.0870971503596,1.13697762126643,-2.093249236491,-0.830769555432565,-0.391768491909129,0.296171212983357,0.590905040014709,1.64579139626866,1.89431850949465,2.42050079550769,2.7269406691674,3.49943514312651,1962.75
1.11162654627939,1.16386320258703,-2.07942863064177,-0.795912955418163,-0.365968514283505,0.320912318047106,0.616623462448778,1.66521169820616,1.9139228323141,2.43669828214806,2.74401342592587,3.50998379186615,1963
1.11601626468725,1.16907612021524,-2.06177486172888,-0.791420751123553,-0.352010418170485,0.328679800513188,0.620160245799703,1.67213758193289,1.91578708555552,2.43983873677439,2.74558696565704,3.50903296304165,1963.25
1.11972859155712,1.17443134342278,-2.0290509263222,-0.777220710085397,-0.351309681227045,0.33601622648395,0.626882368844761,1.67289315467615,1.91726086153343,2.44052326143838,2.74801065129915,3.52642909673716,1963.5
1.14022272152637,1.19541607655069,-2.02843811244495,-0.756341047080924,-0.325533527932657,0.356511557182267,0.649013602866583,1.69262981421565,1.93333823943846,2.45985318765255,2.77026226738015,3.50948774784666,1963.75
1.14519001309613,1.20286425946203,-2.01732174679377,-0.74926815971072,-0.317225161028983,0.365735619676885,0.65530179257585,1.69535451468165,1.93768545965713,2.46223371058521,2.76971047021984,3.52314842052435,1964
1.14308743171665,1.19701652768431,-2.01612198016815,-0.744329858550874,-0.320349203750208,0.364616328080242,0.653152513477771,1.69340542623195,1.93348257865272,2.46231861222089,2.76574296523445,3.52408088432577,1964.25
1.13325297670021,1.18685815218918,-2.03066437198974,-0.753952501177673,-0.326678986184247,0.358082272506832,0.643227718955101,1.68038218463012,1.92257568326752,2.4454355893695,2.75365680649055,3.49528714162989,1964.5
1.13734684023096,1.18996289991244,-2.02654685370111,-0.752187538803033,-0.322079164596094,0.363635867748904,0.652310348198082,1.68441822011782,1.92538625951311,2.45003332358801,2.755697411444,3.52372263534468,1964.75
1.16109582468707,1.21144510421632,-2.02694647201559,-0.726500629154937,-0.288943238619604,0.389854490416981,0.676939995310421,1.70672749923759,1.94535986712089,2.47566590946642,2.7696850453577,3.54834482604027,1965
1.16013349415208,1.20811619833445,-1.98644056631334,-0.717446414891334,-0.290499447634691,0.390720880204501,0.676156711763201,1.70430144492381,1.94499346977105,2.46783323635476,2.76800276453933,3.56278928721686,1965.25
1.16053994245515,1.20932228755335,-1.9854601239402,-0.71786267228423,-0.282064323527226,0.391174847772341,0.676869101098939,1.7013204640725,1.94799065970448,2.4658866498872,2.76939042620157,3.57133217967343,1965.5
1.17433931480958,1.22255031604646,-1.95148862903664,-0.698867906451377,-0.265920123196931,0.404682050759622,0.69491184935695,1.71501798136147,1.96026052487616,2.47901831859881,2.78275481337706,3.56021722285709,1965.75
1.18230774965793,1.22708999371201,-1.91496112553656,-0.693489304338758,-0.261303402844199,0.411993128611872,0.698895547093799,1.7255717582433,1.96906477894834,2.48459946856365,2.78448935873984,3.58175938076215,1966
1.1798944139033,1.22409250823953,-1.91790174817634,-0.692535590695867,-0.260580663003083,0.408650843164427,0.697859825349425,1.72414846635073,1.96737737724816,2.48532147701305,2.77888521156319,3.55374531188933,1966.25
1.22245090562388,1.26828250682752,-1.8834495166214,-0.651505736897889,-0.21925707878173,0.448291636631772,0.738249747703258,1.76569754065867,2.01037575951025,2.53379228366128,2.82859867707616,3.60438096937444,1966.5
1.22272988986379,1.26758797685566,-1.888561918807,-0.649586400648256,-0.214965681203793,0.450264569988204,0.739914772191249,1.76470042601401,2.01028912941354,2.53574052726428,2.8316130297394,3.6093692408261,1966.75
1.21367081902393,1.25480377989597,-1.87252710278494,-0.6613871122239,-0.230600473833971,0.439311183091585,0.729055990831164,1.75611292067362,1.99867307247208,2.5277225486128,2.82009677507409,3.63195427379871,1967
1.21679435917717,1.2595372068848,-1.88777233591582,-0.655543408722707,-0.221059538172049,0.444231422423872,0.730951440663627,1.76108530334248,2.00428781581902,2.52627946130652,2.83099371561679,3.62416276680188,1967.25
1.23525952294016,1.27736523447344,-1.87361994829523,-0.631371006208251,-0.200276185441556,0.459826165939141,0.74610595774518,1.78177038632847,2.02519845964495,2.5509649487308,2.8523405461427,3.64063227807501,1967.5
1.25518874339716,1.29692812483865,-1.86811796075384,-0.618674460576935,-0.174932210168784,0.476736409287589,0.766450595608029,1.80235562577438,2.0453822365957,2.57336413968372,2.88077033071966,3.64877796055211,1967.75
1.24020263158307,1.28347319219062,-1.84678401598843,-0.634036303856167,-0.198440645118616,0.466708829840742,0.749673508708263,1.78631941267687,2.0295528738782,2.55514414751548,2.86423186645697,3.66761928554003,1968
1.26558224913855,1.30713488579259,-1.82859331862668,-0.600764676614605,-0.169906212849503,0.489219111034512,0.772474758161481,1.81352003052699,2.05762889530528,2.58753569495661,2.89168196695847,3.66181564012641,1968.25
1.25194658213448,1.29123798072406,-1.83245336465778,-0.62429390996622,-0.181795339319187,0.472150400975304,0.755853902837452,1.80054649910122,2.04559316112569,2.570519025518,2.87992129353153,3.65712556307112,1968.5
1.25837684999395,1.29982286168913,-1.83926784421976,-0.613432981207378,-0.183321392200408,0.47974481124511,0.760641339583062,1.80555486277053,2.05444783025859,2.57808886543592,2.88586716283264,3.64526656963969,1968.75
1.27459170757075,1.31618203657155,-1.81820733126065,-0.59922609216574,-0.169591913266546,0.499894631789068,0.777283505818378,1.82270995316639,2.07293383056017,2.60148533144238,2.90034484178659,3.6803444432273,1969
1.2749195577853,1.31636996717734,-1.82090643337161,-0.593016779082836,-0.163719448496577,0.496429305064812,0.778830822174754,1.82094673365829,2.07177215455757,2.60282814453919,2.89568156628588,3.68128696135441,1969.25
1.30866218344629,1.34919391202842,-1.78721974772395,-0.565296989339369,-0.122147771460888,0.526148268246712,0.811824916328751,1.85503427791112,2.10644633164065,2.64334269712316,2.93875810361121,3.7078189339017,1969.5
1.31817001363895,1.35791199236436,-1.78647080268396,-0.547517463416861,-0.12165891841442,0.534361517934958,0.818428424884705,1.8660106693628,2.11482653810835,2.64823930828006,2.95936702429383,3.70256372801027,1969.75
1.3270502072668,1.36524567892851,-1.80613793980155,-0.535663038615148,-0.115940000139302,0.53998344381794,0.826289311082453,1.87545816473014,2.12812841365681,2.65919651579731,2.96547233071871,3.70308532025662,1970
1.33864170470061,1.37703449028914,-1.8062303045601,-0.534292839273068,-0.109257410814711,0.550952382131113,0.836600519929497,1.88736578503217,2.14063104041024,2.67930677145576,2.97491361673811,3.73048270317673,1970.25
1.33022359943875,1.36637279636626,-1.81795600088784,-0.538533112314449,-0.112471527030695,0.541710613197317,0.830343423555151,1.8776043362496,2.13491927252629,2.67118779118143,2.97473873076878,3.71571937264716,1970.5
1.30377092773393,1.33952527217294,-1.83573216786314,-0.562961897681618,-0.134044410085087,0.51492666322622,0.802598417155641,1.85083675515941,2.10715016044198,2.64465548396048,2.93720695167294,3.68582794592405,1970.75
1.26463714371989,1.30380669774132,-1.88552418706322,-0.594888017274145,-0.176133969627653,0.480719194057666,0.763018944755223,1.81231430250491,2.07001651690256,2.59836727123912,2.90455252555116,3.63771116578985,1971
1.29070390434503,1.32751774074899,-1.81755020198379,-0.56900933463025,-0.158054316523373,0.50400334316528,0.78731248803284,1.84166818983435,2.09550548963277,2.63125705710439,2.92935423033923,3.69625640197592,1971.25
1.3150282691909,1.34873807169181,-1.81881594609757,-0.552895003842352,-0.136510575585771,0.526825981711956,0.813291805103379,1.86791509537435,2.12434026567311,2.66015870274414,2.95166687187316,3.71218991262238,1971.5
1.29536593070487,1.32525517800213,-1.82761415858762,-0.573669289751722,-0.153043684564679,0.50722369701983,0.796342513424975,1.84629506928156,2.10484796263118,2.63840861148258,2.94097064726721,3.69684701158112,1971.75
1.28870569657345,1.32403519541553,-1.83518290289193,-0.58866181576818,-0.168699834981101,0.50120121330369,0.789569420135588,1.83927879825203,2.0944305592021,2.62861787062388,2.93963118196752,3.71874425705053,1972
1.30241529500988,1.33737951383101,-1.80617334102624,-0.567003893683211,-0.150555238552529,0.514045448451993,0.800792560084194,1.85603988410192,2.11032481214259,2.64895033330343,2.95520605630734,3.72509037830231,1972.25
1.30419635902459,1.33634507132969,-1.82199512610859,-0.577022102151545,-0.144125136815347,0.515476761184766,0.800559425630949,1.85664555157509,2.10985441885286,2.65232275542309,2.95456011510834,3.70596609005512,1972.5
1.30258295544725,1.33775792266051,-1.83058706832862,-0.575772459117377,-0.145090662890712,0.515518323376464,0.799843396735712,1.85738540264549,2.11206880636948,2.64292349975886,2.95690375653256,3.71317007578723,1972.75
1.30150171699834,1.33795736831116,-1.81650835350022,-0.585933898890562,-0.145634741614162,0.513126175580288,0.796356140404961,1.85787858510446,2.11060714812287,2.64702900278844,2.95081314737559,3.70944788047195,1973
1.29162442998786,1.32780459204971,-1.85621161262036,-0.583161011945204,-0.16120519901812,0.500275573244625,0.786388371717061,1.8492043866296,2.10281934838647,2.63524199900574,2.94781831221801,3.69241453300376,1973.25
1.30476254348087,1.33970780340452,-1.83607425556661,-0.559171823374233,-0.151092768873594,0.512465147792994,0.799425542466977,1.86506497794274,2.11515392514895,2.65192537193662,2.96461886511927,3.72328809269561,1973.5
1.28276630690873,1.31683988386984,-1.8418070627801,-0.591523245224091,-0.173568812141541,0.488023376174922,0.778190586063696,1.84252544160661,2.0919912334217,2.63468247631507,2.93277612117019,3.71206366981335,1973.75
1.27621228289296,1.31430106511422,-1.84352615851441,-0.596189876686471,-0.180218709542114,0.48406808700353,0.769025614647711,1.83451480707791,2.08552126268538,2.63017206831046,2.92911599808139,3.68634943814228,1974
1.2922435420484,1.33057911242569,-1.84559541749432,-0.590414091686113,-0.171086110905338,0.497541811268417,0.784649299692131,1.85224785585911,2.10880517372403,2.65648107998889,2.94793866880256,3.70717420406356,1974.25
1.31026875884336,1.34807073815564,-1.81067297487985,-0.567929542519263,-0.153336867019622,0.511840249161777,0.802040318592837,1.87043149068712,2.12729184672292,2.67290761936144,2.9634503585533,3.73642754962395,1974.5
1.30271058521199,1.34074887994609,-1.823930403288,-0.575336113145998,-0.166076109605321,0.501355090789469,0.794783006745805,1.86305138308781,2.12049995896914,2.66759975910012,2.95619392722535,3.72316440786181,1974.75
1.31697188657006,1.35506503552328,-1.80780964146007,-0.554483436270299,-0.149477788148405,0.517870903729329,0.808477791710145,1.87817602855514,2.13375778876531,2.68030282012084,2.97236815011767,3.74553962263904,1975
1.3320546727142,1.3689996523015,-1.84154525340677,-0.545584155893697,-0.13705410734584,0.528891862870938,0.823158468297482,1.89741967241956,2.15066207351334,2.70045154241171,3.00276556144214,3.74656474567132,1975.25
1.34182860851564,1.37962615831364,-1.84563755339176,-0.540902708051119,-0.126989582460732,0.538068944441319,0.832346178237924,1.90593407784001,2.16258443114334,2.71096914272234,3.00580986826471,3.77472820374226,1975.5
1.3477921549466,1.38608364176577,-1.79951184748229,-0.551275099552264,-0.123675121756194,0.542039628226234,0.836725241655842,1.91313705982213,2.17191781988141,2.71682924807678,3.01984250326157,3.79383572816618,1975.75
1.34363038664887,1.38062017158375,-1.78920924580297,-0.553163013196615,-0.127442441386968,0.538099830075923,0.833386395720484,1.90935003150814,2.16775648769462,2.71773958027136,3.01812867567513,3.78691101263487,1976
1.35939600247513,1.39779160279731,-1.77605458441019,-0.531853725135527,-0.120009613470302,0.549980102502239,0.845033713632125,1.92645740142574,2.1881291698468,2.73753961763088,3.04052879701123,3.82167660028885,1976.25
1.36653546086647,1.40364045495886,-1.77690749780797,-0.535222210987644,-0.10937376549145,0.554681761749428,0.848794402246817,1.93325661735573,2.20092611152272,2.74616166125472,3.05116888243642,3.81898450790688,1976.5
1.35141336908136,1.38618704351737,-1.79733172639776,-0.547779837359489,-0.130282879685774,0.542992320676419,0.827829099250706,1.92050100197169,2.1838655871028,2.73072942200421,3.03703515191592,3.79115454667457,1976.75
1.36807002099179,1.40480816174136,-1.80557491323729,-0.535273880962167,-0.118802301543363,0.559138902898138,0.84335103471504,1.93945053707609,2.20447438257485,2.75235432513478,3.05589531951575,3.80444753783313,1977
1.37078979027908,1.40801502979812,-1.80457425902116,-0.528552620057077,-0.122886047633425,0.55942397771143,0.846519510872467,1.94393223942328,2.20749252689757,2.75423488446151,3.05800620506227,3.80298811789413,1977.25
1.38308285026848,1.41603018658285,-1.8001634299613,-0.526427077899778,-0.110749661368284,0.567960510590603,0.860914828156673,1.9550931874245,2.22125979385365,2.77391588055028,3.07929378427836,3.81771897158954,1977.5
1.40233992865749,1.43669852871093,-1.78992535138765,-0.513217025671594,-0.0925061167938459,0.591946650069512,0.877654023505984,1.97601755515933,2.24107466657336,2.79314160537987,3.10202705752656,3.87414096554226,1977.75
1.41306422985464,1.44895880784116,-1.78437353015,-0.513287589210019,-0.0833106967388026,0.601525169184613,0.888892447469334,1.98566145156684,2.25494294804737,2.8102942108272,3.11573093464961,3.88386376570729,1978
1.42011870690167,1.45544123681986,-1.77301470208073,-0.505254922316284,-0.0729268915656753,0.604689463326112,0.893891440635766,1.99434795273385,2.26362673646082,2.816143014823,3.12688055790902,3.90191170819656,1978.25
1.43423672516489,1.47073358086731,-1.79820175056342,-0.481781328789914,-0.0615144787073589,0.615547075619684,0.906943562939182,2.01008956959592,2.28096016028679,2.83118138452121,3.14230177887985,3.93622551851801,1978.5
1.44570219496568,1.4846738690068,-1.77762666335526,-0.487900739653993,-0.0539501557386286,0.627579411191963,0.916071250698894,2.02215787131951,2.29550948563155,2.84712859356133,3.15307156615194,3.95395702755568,1978.75
1.45861876843888,1.49463653987617,-1.74910001010145,-0.467871516540277,-0.0452623485520363,0.636589264569696,0.929293423427624,2.03559492394571,2.31108392903891,2.86472709620453,3.16936862632366,3.97205213032308,1979
1.4505683852115,1.48613356642304,-1.74472325805868,-0.483396647671627,-0.0523541371127205,0.627724865647469,0.917948667450579,2.03263740784281,2.30207370245401,2.85663401157544,3.16367102428811,3.96183646102777,1979.25
1.45378940107231,1.49077744958379,-1.7586214886564,-0.496873493478776,-0.05242300784845,0.631768262690871,0.921263310357614,2.03188463080836,2.3051392472683,2.86416911026901,3.17232422927746,3.95670263792241,1979.5
1.47861642710871,1.51461780160241,-1.75693043136864,-0.473729588618348,-0.0364427788595822,0.651674183002136,0.943738322471859,2.06044950063505,2.33255114012794,2.89428351870375,3.20122695517922,4.01138344527473,1979.75
1.50589705995374,1.53902054178395,-1.72860560119711,-0.443140728309672,-0.0145212988807621,0.680979951181179,0.968633620374117,2.08583753503146,2.36344693190975,2.92574732988995,3.24254997564244,4.03132598800522,1980
1.49308276875869,1.52829983229182,-1.73098880780634,-0.464936268886075,-0.0260470061884801,0.665905102443782,0.95243329771098,2.07404331118227,2.3491011904271,2.9140865090689,3.22803378189685,4.01442479604174,1980.25
1.50399626760797,1.53887494415196,-1.70295017473375,-0.454242327400179,-0.0249944236618305,0.676036415577252,0.962903246034088,2.0888726507692,2.36382024591681,2.93222654392595,3.24260855196815,4.03080110575381,1980.5
1.51448552819657,1.55023116964498,-1.68697464794517,-0.451706581005878,-0.0171537656949798,0.684354658006625,0.974085214394528,2.10102955523022,2.37576550991275,2.94897915014194,3.25420397396708,4.0192082755295,1980.75
1.52548345302415,1.56074967680651,-1.68784789410116,-0.434047448807672,-0.00812075451809768,0.695090427236812,0.980950759810678,2.11372133821144,2.38582064747214,2.96738436740053,3.26923942512624,4.03169079187341,1981
1.54140867210821,1.57601814265637,-1.70132623316389,-0.414944625857594,0.00131438892990943,0.704586662597798,0.993204142109203,2.131947889685,2.40756922724973,2.987724449088,3.29475636576858,4.05188776527257,1981.25
1.56150355192722,1.59373961082643,-1.67552347009135,-0.402413212741084,0.0129959857497823,0.722690346104828,1.01232298274369,2.15389517968072,2.43069826625639,3.01021460398943,3.32929048780675,4.09717131329681,1981.5
1.55540473164949,1.58918318763133,-1.72262913686809,-0.398013367754626,0.00476947781728221,0.71918573115205,1.00807739963084,2.14729484073807,2.42811982101301,2.99991419828295,3.31554899338607,4.08389483114074,1981.75
1.56812571094716,1.6041490358204,-1.69741236910264,-0.389182335605075,0.0123729398043027,0.729026736308124,1.01994122588776,2.16284196162441,2.44249614312371,3.01219494744385,3.33145421514294,4.10076881923516,1982
1.57835232281498,1.61052718711042,-1.70161574104144,-0.3839889766612,0.0222296833697229,0.737783414135787,1.02964952404255,2.17344111536509,2.45575103985297,3.02729876662361,3.35599930666059,4.12415398113998,1982.25
1.57729784210943,1.60922099024765,-1.70572838081078,-0.39804410491004,0.025110920519408,0.733879064861222,1.02646155388251,2.17654340234284,2.45813729937727,3.03332827404689,3.35791150901518,4.15264986482312,1982.5
1.56050028870351,1.59088677977151,-1.70721585540563,-0.417464532356362,0.00319547316264135,0.717317948933341,1.01049849188819,2.15862136953888,2.44176792468082,3.01635151580743,3.33645776457745,4.08784541276186,1982.75
1.56756322141389,1.59819091078921,-1.7145166167776,-0.403935409331047,0.00307287796649114,0.722440942533211,1.01446992048507,2.16442416980764,2.44875738732283,3.02185947706215,3.35766473770249,4.1141786252507,1983
1.57580946144316,1.60396756154492,-1.71566522759886,-0.406297015547059,0.00826432709423663,0.730111383896948,1.02222701246552,2.17656489259152,2.45663586768651,3.03440868940298,3.35972827382721,4.13954107915096,1983.25
1.59473948759608,1.62255919649488,-1.69068355999359,-0.400289178325907,0.026214582240071,0.738302459090866,1.04088657084417,2.19688633923264,2.4842414193521,3.06734795567921,3.37901167994054,4.17483457752711,1983.5
1.59209925286137,1.62403932170259,-1.69110223020514,-0.398448102002298,0.0263173943987614,0.739338746840689,1.0362542773182,2.19390099361706,2.47857491437023,3.0640662323562,3.37305851255564,4.15553842645451,1983.75
1.5919158300551,1.6225840016138,-1.69328266041489,-0.390832968655674,0.0278373314483638,0.737558788687926,1.03955040345007,2.19202515555188,2.4822899206247,3.06173168976435,3.36698159351736,4.15708647868349,1984
1.61471409683395,1.64696870738106,-1.67859071551015,-0.387248234665192,0.0378983932855639,0.760207534205597,1.061209348928,2.21515918460088,2.5039056870247,3.09767034241822,3.39934534199365,4.19966541196403,1984.25
1.62602591672463,1.65999895186353,-1.66148113642794,-0.378406973679351,0.0441944817241824,0.767207283008833,1.07203569220462,2.22914877115068,2.52033254725756,3.10756052928454,3.41768726776161,4.20838107849266,1984.5
1.59647782227844,1.63193179643913,-1.71569505102749,-0.403923233973412,0.018913130998732,0.746371333264024,1.0457074733851,2.19924929731232,2.48534170026093,3.06854935460754,3.37684790709716,4.14929348456866,1984.75
1.59007687519926,1.62865785274474,-1.73058076829325,-0.405158861493966,0.0102418379453226,0.739397405729147,1.0406424827589,2.18960895179939,2.47743832504532,3.05167027382692,3.36613511008194,4.1319593422963,1985
1.57429022019945,1.61076964217024,-1.72116050633868,-0.42387193230199,-0.000471571569894857,0.723096306980631,1.0263109201631,2.17195028516948,2.46116326771711,3.03094072639002,3.34592486523882,4.08313745366863,1985.25
1.56844470437689,1.60535910948054,-1.72941265838032,-0.427712459750636,-0.00533434091574225,0.716995962327715,1.01940255587848,2.16928426120341,2.45182737227002,3.02842850058441,3.34050975067089,4.06824018985179,1985.5
1.566722716128,1.60328973293586,-1.7353214296753,-0.431662579632674,-0.00465441159968094,0.71654349338352,1.02007160968741,2.16907494167735,2.45079279478717,3.03169012826202,3.332810426286,4.06382670762863,1985.75
1.55861093637594,1.59468838057098,-1.76056032680464,-0.44885103417083,-0.00789270890739147,0.709996252275753,1.01078182057799,2.15956158878333,2.4417298818798,3.01596814616569,3.32312376537002,4.03707619251205,1986
1.55845834533929,1.59663675549128,-1.75461377919232,-0.445958949299579,-0.0118084046325517,0.709190620109301,1.01066149961514,2.16305909123235,2.44153916904177,3.01242968681651,3.31666260605106,4.03144019131245,1986.25
1.5421268099079,1.5796201218095,-1.79199395029861,-0.464341248208831,-0.0257372999971537,0.691848569687977,0.996390710388086,2.14693303457919,2.42529408592115,2.98598264829454,3.28148836255446,4.01287191506313,1986.5
1.54770570176829,1.58770917445613,-1.78478314616072,-0.465512364930783,-0.0133162280171213,0.696613326580632,1.00118014426605,2.15595086642842,2.42572722893456,2.99582182825647,3.2928721788387,4.01741475541971,1986.75
1.54439358688733,1.58486558068151,-1.79007444856244,-0.480486492310517,-0.0141083751814879,0.695618950053845,1.00190334621809,2.15134978833484,2.42307981743792,2.98423210857218,3.28993686774495,4.0157464508176,1987
1.57697541166566,1.61656550479683,-1.75700513184863,-0.452889620650264,0.0107064768067819,0.726804285207907,1.02897615458207,2.18512321614978,2.46089726968128,3.02770903070461,3.32170299143445,4.05463308065979,1987.25
1.577471165217,1.61848081102148,-1.75058546229494,-0.460240759003483,0.00765341218883542,0.72415173562667,1.03127113999346,2.18591929555348,2.45885816731494,3.02792082388102,3.32204638437585,4.04536307308968,1987.5
1.57609369571341,1.61987441765103,-1.72868467479359,-0.46533241165755,0.0118141008050636,0.725193451330433,1.02885440644942,2.18447561904906,2.45775049746674,3.01719953219595,3.32679600522585,4.04167058530582,1987.75
1.53948772856006,1.58238274724078,-1.74718694203709,-0.493755463954364,-0.0174562692126683,0.695128498189636,0.998175030579116,2.14777234710804,2.41752070551495,2.97436821998801,3.26643568759241,3.96861643352315,1988
1.54973471061188,1.5930097511076,-1.75450047884677,-0.480118965721298,-0.00996430520537572,0.706652809654228,1.00860290727856,2.15444338024542,2.42328460462353,2.98989695151753,3.28255061444402,3.9831986000354,1988.25
1.56667727922107,1.60960195710746,-1.75534295017077,-0.471597371359939,0.0101525758751251,0.723838305787301,1.02022080892173,2.17498444406943,2.44333270346129,3.0086029898354,3.31598523725227,3.97842347945091,1988.5
1.56104260608286,1.607074406266,-1.76082231840348,-0.477583229979972,0.00810235684973404,0.718012329891824,1.0164549074568,2.16683461220961,2.43802801163047,3.00335662290883,3.29612212126142,3.98820933812201,1988.75
1.59422789098414,1.63945165074959,-1.72238860486893,-0.450635176347872,0.0319923005645837,0.748626545722459,1.0465740109205,2.19824856630778,2.47379881439833,3.0456267419877,3.34036684043909,4.02523839819886,1989
1.5910806153297,1.63758421379178,-1.69467680389511,-0.443224373792965,0.0226587563847502,0.746274623755792,1.04373150262866,2.19912103426798,2.47268229490892,3.0404556294709,3.33643338015604,4.02170539786965,1989.25
1.56208606737474,1.61030651549316,-1.72145339138687,-0.474429611362414,-0.00147141059273714,0.720321122365596,1.02015687812901,2.16946671597463,2.43820396654382,2.99795999640107,3.29066930076866,3.97431495837949,1989.5
1.56308422787106,1.60672913155781,-1.74528686295748,-0.464071976022055,0.00361464843784276,0.719694381808015,1.0195639603747,2.17188719984166,2.43573347061662,2.99754523883596,3.29357698006748,3.97142825775204,1989.75
1.55716386063188,1.60176003960038,-1.74560952879465,-0.46328725741584,0.000279648585519654,0.71673063710506,1.01534981245697,2.16668314716168,2.42700598014799,2.98523891493756,3.285068481021,3.97025221366472,1990
1.55294583980832,1.60026692598183,-1.74849037168095,-0.468446707846445,-0.00712676020219405,0.711237047847029,1.01266984052778,2.16196133902884,2.42372572742696,2.97426843341528,3.26873652113462,3.96277684551124,1990.25
1.55105405150844,1.59506487827086,-1.74531012186417,-0.477113485080547,-0.00832408339112911,0.710142717916956,1.01245364165523,2.15590725951603,2.42067245064812,2.97016260638822,3.27335317030496,3.97236434278153,1990.5
1.56355530286173,1.61163531382034,-1.72848224456046,-0.465685146574246,0.00211366324652662,0.720946437438948,1.02238923437412,2.16946741699445,2.43314360431828,2.98383744625749,3.28307899380468,3.97697779091701,1990.75
1.53922366238618,1.58829422173005,-1.76622611434824,-0.495291901620059,-0.0160196972483357,0.699148156388137,1.00242107998879,2.14204788721413,2.40914911115804,2.95810320729057,3.24824548534225,3.94437194945156,1991
1.54936339636411,1.59923419161507,-1.76399370273419,-0.484084148948843,-0.0114417260610775,0.710093930576676,1.00850641239702,2.1544902868713,2.41989409016901,2.9658425940846,3.26301522646698,3.94891015966946,1991.25
1.54534062683257,1.59551156761738,-1.77258637364332,-0.481284331675435,-0.0106591015361288,0.706134914763638,1.0044736865698,2.14588781169109,2.41640906411572,2.95702907306125,3.25085976937873,3.94399276869291,1991.5
1.49801336518007,1.54885849013883,-1.80030225272412,-0.52080556792367,-0.0554754276328531,0.660626431577125,0.965052158560479,2.09657393365531,2.36394081509014,2.89951753329798,3.1757707509705,3.85660781911509,1991.75
1.48568878735414,1.53909993589861,-1.81330250408373,-0.536125218897929,-0.064806638043823,0.650769859403844,0.956465771594587,2.08658584207887,2.34953580908235,2.88070740021143,3.17019351821462,3.85669978656246,1992
1.49330858529408,1.54805363845439,-1.7851072047585,-0.52135666249742,-0.0633165490162071,0.657499395397925,0.963775778997991,2.093036402311,2.35353213649418,2.88864998933687,3.18044039910316,3.85553424851113,1992.25
1.4415964512304,1.49771519118747,-1.84661357184305,-0.57513190065505,-0.114600611793712,0.609649000882996,0.914648232873105,2.03834187105912,2.29740261085882,2.82895648275509,3.116269666101,3.78196562846311,1992.5
1.43804965606912,1.49514348278674,-1.85656672548334,-0.573279925948814,-0.11871825070294,0.603938925473626,0.909594553979523,2.03610089719147,2.29333064789865,2.8228276212016,3.10948222987559,3.78574818052019,1992.75
1.40590119879236,1.46330518735538,-1.85705367657165,-0.593478583067192,-0.140544738325961,0.573980152537211,0.881153099471939,2.00313951719141,2.25701387391682,2.78901589964777,3.06660070869692,3.74919362604519,1993
1.39630036026481,1.45327931848872,-1.88925337868284,-0.599013333445015,-0.151971153404615,0.562188702503634,0.872459175234148,1.99495423212354,2.24677382626028,2.77360140282466,3.0572760530763,3.75689786121778,1993.25
1.39650476773446,1.45526326066723,-1.86924303461573,-0.602901330355595,-0.151339491589844,0.566678661948947,0.872360220465051,1.99153811805118,2.24827041713932,2.77335121528477,3.0517080272384,3.77585447266654,1993.5
1.38388905734676,1.44386875558333,-1.89487411379517,-0.614197154986906,-0.166104646491021,0.552948324535124,0.861809360038013,1.9783923612267,2.23499981637936,2.75872524103506,3.03194247691687,3.73900681995317,1993.75
1.41103805913623,1.46814967628534,-1.8868124204515,-0.603593269074574,-0.139438872597349,0.578654188585678,0.887495178433213,2.00510380867039,2.26687295557575,2.78471102663839,3.06658319904858,3.77823091668087,1994
1.45553613808127,1.51096836199213,-1.83632534577628,-0.570719622094231,-0.095180720509882,0.621098123377238,0.930971358384968,2.05278752275073,2.30924686582723,2.84224725294156,3.12536687623631,3.85244143134731,1994.25
1.43549858263424,1.49445758174763,-1.82211164680581,-0.583410319321104,-0.114493834848992,0.597267775854017,0.911228667437153,2.03197849700489,2.28991827847753,2.81857283745088,3.09956033475513,3.82558199602728,1994.5
1.44310723425662,1.49998017969557,-1.84307022039353,-0.573484267257868,-0.105252427979378,0.613148652007494,0.918084268869357,2.03892845555842,2.29887774564903,2.82334911476068,3.10800202170142,3.84391469296587,1994.75
1.42225166681162,1.48030984243104,-1.8284580378399,-0.584740985372211,-0.12157647231672,0.596683779111243,0.898081556170798,2.01682711016806,2.27711427454727,2.79626072969576,3.09364384962473,3.82408587778842,1995
1.41410586697847,1.47431948306476,-1.80913795327254,-0.593706378477666,-0.13408990029907,0.587905678011163,0.895441017005647,2.01179100961149,2.26275006568885,2.78425922853056,3.0783620446672,3.82818040675779,1995.25
1.41500359350498,1.47356051726409,-1.79631914756608,-0.59241080121966,-0.131635881423833,0.589466623585615,0.893903574647101,2.01218656563712,2.26146325067583,2.78660498894138,3.07895204018493,3.81053531634721,1995.5
1.41756523310418,1.47752687215009,-1.82044916968038,-0.588543849906246,-0.123098918865489,0.590952399747767,0.895842293700413,2.01829252914435,2.26731083516794,2.78568760956721,3.07176130511908,3.81114125184194,1995.75
1.40245833440052,1.46172499370234,-1.84023538138485,-0.607961550257339,-0.141594363796993,0.577036231664035,0.881537484214618,2.00123740844498,2.25133918120879,2.76730259732317,3.06212118723895,3.80321097754161,1996
1.42724983221166,1.4835001124008,-1.83967753080832,-0.582238798947742,-0.117749444915667,0.602225038793161,0.90566228973514,2.02401704692863,2.2754460151607,2.79683196286565,3.09998707796138,3.80339453687829,1996.25
1.39396782470385,1.45465963626562,-1.84716457682338,-0.61435872017713,-0.14466218100541,0.573146331956425,0.872608405951501,1.99048829394813,2.23598030074997,2.75770172606478,3.0476176203716,3.77294615325959,1996.5
1.36907974109223,1.42884379707943,-1.88933314962566,-0.642607596745431,-0.163540882742133,0.552191129934506,0.851061894103712,1.96309101157991,2.21169703305801,2.72618242339009,3.01332860272785,3.76109058781402,1996.75
1.38496591482362,1.44296064929447,-1.87587362048922,-0.630586338796469,-0.147566257294709,0.562446023651365,0.869494351204948,1.97762139125267,2.22934163757443,2.74714213134132,3.03416423657617,3.77833013746263,1997
1.40201172560519,1.46207339533218,-1.86273593941661,-0.601688362306206,-0.126009680143408,0.580638403263671,0.885345798308117,1.99104242107275,2.2467893161559,2.76675063013363,3.05055188175012,3.79746472555262,1997.25
1.37419602503036,1.43730318169766,-1.88244397117954,-0.626983075166704,-0.149269224870379,0.554010059960052,0.860290312491866,1.96224319252607,2.21596930309799,2.72844983882561,3.01447194870873,3.76559420400245,1997.5
1.35783289479904,1.41602657309575,-1.89565583089361,-0.634133593074978,-0.168152468309963,0.537256937845797,0.845299481983715,1.94617670965752,2.19364766565398,2.70593698172338,2.98622310396484,3.76040870049592,1997.75
1.37022440878686,1.43023335267123,-1.90648200190046,-0.626998842188985,-0.151344709684246,0.552075440085856,0.858144799652871,1.95997321821514,2.20260703972979,2.71518379282669,2.99480060938796,3.77367675097073,1998
1.36764443002095,1.42851738057545,-1.88589887928445,-0.629859525335497,-0.156291289452916,0.551633194890103,0.857197403444707,1.95561227196545,2.19989268115016,2.71383492532617,2.99711912936082,3.76411111576294,1998.25
1.38407773740173,1.4411438609462,-1.86974376183267,-0.60306802229539,-0.137575736325561,0.567229771369174,0.871825766489536,1.97070964940597,2.21739581075007,2.73070987273684,3.01671029897733,3.79603048791562,1998.5
1.3205076595124,1.37972804857313,-1.92554632926282,-0.676379998083977,-0.195054269364849,0.510172510720407,0.816861712326016,1.90225088215483,2.15053405803014,2.65603991225283,2.94001650638198,3.71832523829387,1998.75
1.34740426190829,1.40618778834754,-1.8896943027464,-0.650193761993389,-0.16688500909988,0.539920780570309,0.842092385458649,1.93038256826347,2.17603197832988,2.68787499095041,2.97455667203191,3.73031877253,1999
1.3398728654333,1.39974935252142,-1.89885539898711,-0.665374185374533,-0.170975791318723,0.529265574465432,0.84020011938005,1.92006503260865,2.16780628399342,2.66985295284565,2.96970949720505,3.73047020341366,1999.25
1.3496140896764,1.40802537876072,-1.88020776727191,-0.643752993788465,-0.156220875679476,0.540090643722346,0.845354566372267,1.93041674567665,2.17420957147873,2.6852599818992,2.98153046160278,3.73219167689027,1999.5
1.32872053359851,1.38604052534047,-1.88579386363542,-0.662091659022134,-0.175459241442093,0.523491509348794,0.823497886420353,1.90706589253555,2.14975543064341,2.66495429345712,2.95148413164183,3.71316026218083,1999.75
1.32244305142652,1.37717555774761,-1.93150828651433,-0.655469660885937,-0.172597019581337,0.51791093067939,0.819590050284342,1.89824579779647,2.14273548554665,2.65264095215671,2.95450733477518,3.72052763975001,2000
1.31634973085261,1.37434658776422,-1.92899791172259,-0.663565210212274,-0.185018531361864,0.512330036352004,0.815145406061736,1.89430983210748,2.1375213972631,2.64915589516563,2.93399669460594,3.70834480943823,2000.25
1.31150928900421,1.36892925064872,-1.94832255286653,-0.671824834746305,-0.19660065285893,0.505684247164439,0.809773625515531,1.88995570670601,2.13220938657946,2.64685409685049,2.93632993429557,3.70980879645323,2000.5
1.29834275086231,1.35209709291191,-1.96842169951772,-0.680239008416721,-0.203841887359337,0.492444731427524,0.79848043506977,1.87467695760125,2.11789289559365,2.63058887589857,2.92073887601019,3.71151529359099,2000.75
1.26633883265665,1.32408729771162,-1.99641891176767,-0.711210207887812,-0.231686143848593,0.4613944221929,0.767359847132107,1.84038095320135,2.08190654468166,2.598804838154,2.88121936573596,3.66909479063634,2001
1.22458389756036,1.28123898101681,-2.02413071475653,-0.7522591012888,-0.26976199882699,0.427001026860893,0.727226551575512,1.79711403412978,2.03792873132632,2.54759586324133,2.83795730166217,3.63700396902127,2001.25
1.21501330210934,1.27279088574736,-2.03715982165483,-0.760932650816514,-0.278362471924628,0.416748509291752,0.719480778953905,1.78435051959712,2.02562513093079,2.53598162242208,2.81776641041863,3.62593615074728,2001.5
1.16494387441075,1.22401197915195,-2.08684849849921,-0.803986947887303,-0.33157948671057,0.37317955058908,0.670465887193269,1.73478439904694,1.97347261937725,2.48239824846634,2.77728076745784,3.5831862899358,2001.75
1.17012714291696,1.22679226233377,-2.10330755878151,-0.795005509536703,-0.322386636370871,0.378443684941944,0.675849493626922,1.73726380883708,1.97683114613011,2.49603940622542,2.77984680742128,3.59675234854505,2002
1.14896818136751,1.20767645435256,-2.11954325334942,-0.824334176548794,-0.344216510751702,0.357032728572335,0.655378436179444,1.71604884380852,1.95773000361099,2.4748990698993,2.75458524227039,3.57275296004218,2002.25
1.08946544116122,1.14647813447584,-2.16998867481225,-0.869483137394349,-0.407760375045347,0.300615153407194,0.590454647148711,1.65811634069629,1.9001366344192,2.42008556890801,2.70613597289208,3.52358189219993,2002.5
1.07810103140265,1.13455679478746,-2.16723030341652,-0.87615483704064,-0.415822878163354,0.286747704797685,0.581791654999557,1.64262164429395,1.88668733004196,2.4057043556851,2.69918391119643,3.51505668147828,2002.75
1.05139158739588,1.10829256921374,-2.18753427152297,-0.904359018552519,-0.441028545085505,0.257672280757326,0.55411850042821,1.62367700598938,1.86033019201807,2.38264208611228,2.66930919018658,3.51360716048647,2003
1.06766546079104,1.12280836619531,-2.16918145885045,-0.890675425241767,-0.431608069537239,0.274927828121693,0.570425594355974,1.63653767828104,1.87839638334204,2.40410755875538,2.6930883144397,3.53559421779546,2003.25
1.08380607315984,1.13911780030646,-2.18480817783636,-0.88095088016297,-0.412658822330666,0.292203619370742,0.585215394489393,1.65180286438221,1.89565868242433,2.42831072765683,2.71344839697193,3.54313156281163,2003.5
1.04830360004896,1.10180428784823,-2.2055238018333,-0.910991938931726,-0.454488815257278,0.258172780754627,0.548420525936205,1.61452212328569,1.85803316911712,2.39197454111713,2.69165441743058,3.49557498624062,2003.75
1.01642479325928,1.06868114180937,-2.22928978830102,-0.932373757870478,-0.478478980654149,0.223528432448285,0.517511992264009,1.58229513466014,1.82662522550954,2.35836730592209,2.66592238871941,3.49943218045429,2004
1.01359334995715,1.06375173666747,-2.27118950822907,-0.933405576998418,-0.489578941667721,0.222927715865323,0.515879447962521,1.57941145566228,1.8299665632659,2.34675209233359,2.65693619158149,3.5010925008068,2004.25
0.972110109083347,1.02248257806919,-2.29587712023514,-0.978547325280847,-0.525765643280021,0.183130573564523,0.472621187157288,1.53979837830878,1.78682844349084,2.31394834559336,2.60953024842692,3.46044272941197,2004.5
0.978884809315417,1.02787923846149,-2.31433054037022,-0.97564480912442,-0.516786220674669,0.184310884450727,0.481991841915662,1.54472226612034,1.7928257672101,2.32243147819698,2.62186297868315,3.4704436031851,2004.75
0.994658164386757,1.04064804525024,-2.27251800327847,-0.960446694054658,-0.496987889486061,0.198864338301084,0.49620822485025,1.55960171547613,1.80758672598491,2.34119452310107,2.63864818930085,3.48675722701424,2005
0.971889253968916,1.01625511667147,-2.24841463774794,-0.975935885047796,-0.516897770465406,0.176437119114063,0.474874962278742,1.53493636072663,1.78398287602528,2.32798048144703,2.62636747094013,3.482123491539,2005.25
0.96891835990529,1.01159317369936,-2.26070767710811,-0.985523911500403,-0.520769442025738,0.172540405818987,0.473018420937649,1.53456193999762,1.782901812855,2.32542944063823,2.6250812907055,3.46094483427896,2005.5
0.988252097697007,1.03020361907741,-2.2437864721616,-0.966384543899628,-0.497459499322247,0.193415978756097,0.490733353499608,1.55212929383494,1.79906927448851,2.33664706835202,2.65331475373239,3.47827440642499,2005.75
0.984522414294751,1.02606138492935,-2.25469980691906,-0.963453507406004,-0.508848378131138,0.188953864433353,0.488912533812638,1.54970639700851,1.79440652732899,2.33404585318999,2.64531527815869,3.50422747188494,2006
0.995847660621748,1.0385247948208,-2.22516123537545,-0.948725468371048,-0.502012981070736,0.204308901680532,0.494210573926978,1.55941733036934,1.80724160022425,2.34864836582422,2.6498228429289,3.52237441391239,2006.25
0.989093599417774,1.03033881975113,-2.22616062530287,-0.952475591575339,-0.515590287617842,0.194989514643184,0.490344224671613,1.55429585777131,1.80172057405869,2.34156715698352,2.65319742935336,3.52153801474944,2006.5
0.96108142535767,1.00285657395809,-2.28794525551848,-0.990324793995445,-0.547002579969043,0.168243002380805,0.461751676153366,1.52481885523864,1.77807921257757,2.32027644480257,2.6304460879069,3.48210240326771,2006.75
0.958644178050502,0.999078890921227,-2.28985890543236,-0.988893364458851,-0.54817231149813,0.163138244673131,0.457855242250933,1.52346306039407,1.77793679542168,2.32645129713109,2.63314341337451,3.48648269197878,2007
0.951649853384686,0.991004483593694,-2.29801505828309,-0.98652319378954,-0.547462927244027,0.149615592722537,0.451499721997254,1.51613703514146,1.76981064957824,2.31595809124222,2.63772234834286,3.48258797193874,2007.25
0.936012495026356,0.975656115998234,-2.29207574164377,-1.00096763469997,-0.563126315992292,0.139291812746491,0.430972653969761,1.50054402625727,1.7585051564502,2.3025864916435,2.61949877561858,3.45704875772303,2007.5
0.905012034123174,0.941787301609708,-2.32077498823896,-1.03489017538276,-0.60310071537787,0.10529593283988,0.399960123457736,1.47002006432067,1.72954845366262,2.27992708428639,2.59494052474619,3.44480848872775,2007.75
0.842853291955494,0.880007113673256,-2.37564912845353,-1.09601925075058,-0.669755636855792,0.0427388353306899,0.332820377089228,1.41261294203498,1.66872182014697,2.22126781861356,2.53545779552955,3.37997844858496,2008
0.827259476597725,0.864302941033936,-2.39901992943287,-1.10574452473032,-0.67980237541815,0.0216957619516218,0.314643586578322,1.39651708960975,1.65719897408368,2.20901188684537,2.52955661773616,3.34946480641629,2008.25
0.857132042484091,0.891940482541294,-2.35561969048181,-1.08440992457422,-0.642805894935815,0.0530857340625568,0.342498801782769,1.42661748862328,1.68781590145353,2.24777624502111,2.57075027207167,3.38545914754276,2008.5
0.817785403297293,0.852942790595625,-2.40507466319806,-1.13107612239966,-0.689499544282756,0.00621937816521978,0.302869927526174,1.38754876201713,1.65129053830127,2.21359554022333,2.53749014084547,3.36230940540809,2008.75
0.815390753876592,0.850539085790626,-2.4244996964144,-1.11872313940132,-0.696783080814638,0.000637519477720616,0.29413738304879,1.38639527683533,1.65001473177362,2.21224998102076,2.53546125654594,3.37361319327073,2009
0.84063916649953,0.876619606845779,-2.37177984068351,-1.09636564237578,-0.672260267205104,0.0247955732839222,0.319513230585752,1.41398470642873,1.67385905616247,2.24000763820239,2.57004999440454,3.41396140932806,2009.25
0.840197741237477,0.873955240710041,-2.35906383111758,-1.10352321473955,-0.670844400029675,0.0223637685875437,0.317409046734127,1.41064755978208,1.67493333828692,2.24663263442729,2.57372744759973,3.40839898552864,2009.5
0.831594524838455,0.865657189734668,-2.3517435806511,-1.12161399378907,-0.685334377081019,0.0141512718467123,0.310096348477643,1.40510234027136,1.6705201483603,2.24670953815738,2.57379442535025,3.4149538884566,2009.75
0.836658283944393,0.868529773044195,-2.39233270863664,-1.10927178936318,-0.679617898189273,0.0185835934786342,0.311676291496582,1.40880429691277,1.67760455928485,2.25421642810681,2.57999334191142,3.43475536205437,2010
0.829417000484717,0.861279730775102,-2.417144937711,-1.1186619272824,-0.690892394942483,0.00686736939741905,0.300053172221993,1.40617823740289,1.670027029156,2.25253464845215,2.58603401930461,3.44438876123887,2010.25
0.785742816456685,0.81911725351948,-2.45628549129975,-1.16903568967586,-0.747906055161183,-0.0456976425550331,0.253965775982426,1.3625789807234,1.63191941621211,2.21438198613896,2.54878775554952,3.42712767344458,2010.5
0.7787962828062,0.811036864697805,-2.45897076643829,-1.18960133606747,-0.762106411503765,-0.0572314203266302,0.246853318466242,1.35798087152205,1.62937240563612,2.21875548019521,2.55727351271994,3.44107681831563,2010.75
0.790230344487826,0.825467004494081,-2.43250802956326,-1.17870584214203,-0.751930879526607,-0.0448461970255067,0.254437746702208,1.37189894953657,1.64270979768745,2.23948841662591,2.58304360317433,3.44161947763277,2011
0.769474671888107,0.805036672852616,-2.45629472698648,-1.20588669780592,-0.77338657016492,-0.070685997940382,0.231702953039132,1.35235427340712,1.62433850132753,2.22202822518519,2.5649761304484,3.42974104298804,2011.25
0.724636493846008,0.760633006198828,-2.50613041971199,-1.2590000056131,-0.825199345791566,-0.124467597169101,0.182695098351281,1.30981443258075,1.58522691504028,2.18252871673581,2.52993355812241,3.40558649795432,2011.5
0.703330127572014,0.738110364015526,-2.51529454103816,-1.28947929876763,-0.857667356339895,-0.154027405748966,0.157585363439594,1.29300982396781,1.57395463756773,2.16601948637627,2.51309608459077,3.37757711479375,2011.75
0.684990898986235,0.719522306162254,-2.55042853862922,-1.30903133863532,-0.876665857888417,-0.174624600505135,0.13653518603952,1.27827904383619,1.55594512093635,2.15845938322811,2.50072046952346,3.37001720633279,2012
0.678382670678167,0.71250386439907,-2.57613425315386,-1.32066664240414,-0.895842036270238,-0.183913434696676,0.124292437391588,1.27239597541989,1.55479852991109,2.15757910647016,2.49887458200989,3.35342019500086,2012.25
0.663281261489744,0.695991725225058,-2.58209600629384,-1.33780835294494,-0.908749248342788,-0.204026091491398,0.106608247087308,1.2611667311279,1.54093687913299,2.15181375829359,2.4891480894717,3.35265107798473,2012.5
0.655781227553039,0.690417849707205,-2.60168125503759,-1.34654178081086,-0.92044020363484,-0.215198378473903,0.100880113080072,1.25256816581538,1.53769240795438,2.15052720685277,2.49208407029658,3.34495567246339,2012.75
0.668593610843082,0.702169063294553,-2.56073634558107,-1.3419984832547,-0.905173563534325,-0.203889928417121,0.109534159357131,1.26557628990032,1.54765143183853,2.16129143882794,2.51007253712988,3.34685453775342,2013
0.665182437041066,0.697613718470445,-2.56624670847899,-1.33974167896848,-0.909476265929943,-0.201794927056879,0.104712592811126,1.26382008018208,1.54537125054173,2.16325590971275,2.51442899541399,3.36043829719693,2013.25
0.704932833970341,0.734214660552433,-2.53972198523818,-1.29960187851922,-0.861821955418616,-0.163259761452201,0.146665509392527,1.30078586238089,1.58477083745311,2.20211852989158,2.55710291959715,3.39942309682816,2013.5
0.68381301771577,0.714639424525986,-2.52303912598715,-1.31119470260106,-0.892016642831812,-0.185922007740609,0.121118848608992,1.28489851007244,1.56866803722538,2.18654193071147,2.52856309341517,3.3808037699312,2013.75
0.697584681947222,0.726540236292575,-2.51278076056097,-1.30106094867764,-0.8732449485867,-0.173009805456578,0.134437481559049,1.29639994699557,1.58621370826102,2.19752139752683,2.5412976585796,3.40730632151599,2014
0.686915131390168,0.716719282565335,-2.56564780163308,-1.31941969988884,-0.88971754097906,-0.184632913496178,0.12345469713982,1.2842055555897,1.57753009585487,2.19068218606689,2.53098826906268,3.41080691081997,2014.25
0.696689352268922,0.724759122843173,-2.54909360341182,-1.30951603229184,-0.878045414034496,-0.176731776167827,0.131587300334613,1.29533489433897,1.58819766515058,2.20698392871997,2.55011068971872,3.42717914387037,2014.5
0.676757713025328,0.704664175333406,-2.55997213325856,-1.32957878887614,-0.901049875935987,-0.196995240385166,0.109563456878403,1.27442095462926,1.56865804646261,2.19079867175547,2.53936413721355,3.41181896533269,2014.75
0.663379189057564,0.689323774857902,-2.58111188834781,-1.34717299714369,-0.925906835515729,-0.208136125033821,0.0909280922330495,1.26375360907521,1.55502426843577,2.17947442949278,2.53090569104066,3.38760775279666,2015
0.655733203937255,0.682298906014069,-2.61836784945674,-1.34659383650453,-0.935298517906935,-0.2198012524255,0.0827136086049496,1.25622454842414,1.54453419874384,2.1714291176077,2.52340163461284,3.3788015086307,2015.25
0.633133248424017,0.658326079648714,-2.63503404682003,-1.36483144486288,-0.960473931375343,-0.244689246229685,0.0595625462739449,1.23937198160493,1.52335081590837,2.15011366168057,2.50472700292269,3.36827947856616,2015.5
0.625897408146171,0.652292221019623,-2.61702765238841,-1.37469130086146,-0.974185042231591,-0.253576668724353,0.0504088762727335,1.23397052882121,1.51897853982859,2.14486450666722,2.50020382551311,3.38832828040131,2015.75
0.634085628899665,0.662221488413713,-2.6234380535001,-1.37469606289166,-0.95794187797096,-0.246905619277662,0.0561988697860514,1.24329948961346,1.5287473105989,2.15481221810001,2.51695738088647,3.38573771078595,2016
0.612432790570156,0.638984546922154,-2.65016810485227,-1.39083345653199,-0.979386034247634,-0.270716576770326,0.0333359201562331,1.22103183929056,1.51284533495908,2.13916058598723,2.49223459410453,3.37143417476927,2016.25
0.617730721949661,0.645572843136456,-2.61807725422482,-1.38789744667904,-0.978483647729841,-0.267207355470417,0.0392155800068847,1.22736360216361,1.51873619069008,2.1547116944081,2.50260583324286,3.356309658066,2016.5
0.638443272712985,0.664651152056104,-2.63581357089758,-1.36957619689232,-0.951831952221378,-0.244921016004841,0.0623185942869942,1.24929037733896,1.53702568892218,2.16707411305764,2.52694473561975,3.39684040823137,2016.75
0.656318998877489,0.679312674805993,-2.59968620156565,-1.35419090158657,-0.934706067661542,-0.226706818586465,0.0786579969250987,1.26540244836234,1.55610113971245,2.18163780394106,2.54948075810571,3.40596270442118,2017
0.627411899015819,0.651194906091442,-2.61696054444596,-1.37839861814127,-0.963464928168015,-0.259546584311046,0.0501963791253806,1.23682152808436,1.53230960122968,2.15746461662433,2.5196941824884,3.38415465606804,2017.25
0.641615472975168,0.664736440377916,-2.58544992331193,-1.36443882367537,-0.948723439427234,-0.243720515214349,0.0614281532319265,1.25087243414499,1.54675879252457,2.17374888938436,2.53049251670177,3.41010875715049,2017.5
0.631125735660248,0.652535808881105,-2.57745776166941,-1.38255485703098,-0.963477093611329,-0.258933871828274,0.0521089199134401,1.24121658777186,1.5371412234311,2.1606189719075,2.52280251024257,3.40077395325493,2017.75
0.65246710484522,0.674278953563914,-2.54626714813982,-1.34474896353928,-0.943312149542127,-0.239171664718485,0.0707138900300777,1.25962044317388,1.55553923095494,2.18550766113309,2.54552535554343,3.42424673658229,2018
