"yyyymm","date","pi","tb3m","rr","g","ga","gma","lfg","lfga","lfgma","rstar"
196003,1960-01-01,1.66469581818416,3.87333333333333,2.20863751514917,8.81292622284207,4.80544979895488,4.04288628066585,-1.08789949601125,1.04546367885661,0.729472514868297,NA
196006,1960-04-01,1.79150536892472,2.99333333333333,1.20182796440862,-1.52083631494051,2.02265836272169,3.70696644896201,3.97008780571717,-0.307943669263189,0.60905903472352,NA
196009,1960-07-01,1.58217845496185,2.36,0.777821545038153,0.994741271911437,2.46411640686119,3.35366808410643,-0.580179552568438,0.483877369517582,0.340592853860011,NA
196012,1960-10-01,1.48500166811272,2.30666666666667,0.821664998553949,-4.87165067564632,0.853795126041668,3.04059682262819,-4.56953834312017,-0.566882396495672,0.165768196967502,NA
196103,1961-01-01,1.53387722006406,2.35,0.816122779935939,2.71055646459644,-0.67179731351974,2.97246018795332,-2.1774537225685,-0.839270953134985,0.00927341173427187,NA
196106,1961-04-01,1.00545225728088,2.30333333333333,1.29788107605245,7.36724035032736,1.55022185279723,2.98466667360817,-4.62688376294018,-2.98851384529932,-0.15780915304541,NA
196109,1961-07-01,0.986623609935444,2.30333333333333,1.31670972339789,6.61454715635443,2.95517332390798,2.94614874094492,2.84462254174649,-2.13231332172059,0.0331589340659999,NA
196112,1961-10-01,0.652779442597984,2.46,1.80722055740202,8.02587907153338,6.1795557607029,3.12468301329298,3.87093153223645,-0.0221958528814348,0.0953940492988536,NA
196203,1962-01-01,0.909531910204997,2.72333333333333,1.81380142312834,7.14041399416132,7.28702014309413,3.19803145238052,4.09758189167242,1.5465630506788,0.152425100809035,NA
196206,1962-04-01,1.26555530644921,2.71666666666667,1.45111136021746,4.28688442693428,6.51693116224585,3.2843501830647,2.1105025993883,3.23090964126092,0.309382229169337,NA
196209,1962-07-01,1.16270614197442,2.84,1.67729385802558,3.79220134396476,5.81134470914844,3.30708740870461,-2.10374201696411,1.99381850158327,0.224586434851091,NA
196212,1962-10-01,1.34657712886996,2.81333333333333,1.46675620446337,1.54925995523811,4.19218993007462,3.02289907003665,-2.82231195132177,0.320507630693712,-0.0867699107524089,NA
196303,1963-01-01,1.18952921982354,2.90666666666667,1.71713744684313,4.42638242261424,3.51368203718785,2.9491789765962,3.01831915343911,0.0506919461353839,-0.0609665562878714,NA
196306,1963-04-01,0.982986284031906,2.94,1.95701371596809,5.18076687866369,3.7371526501202,3.00095566843949,2.50581803630396,0.1495208053643,0.0154564729538453,NA
196309,1963-07-01,1.19702269406941,3.29333333333333,2.09631063926393,7.7330922989816,4.72237538887441,3.25048164605045,-0.147757612036514,0.638516906596198,0.100086068265295,NA
196312,1963-10-01,1.27207597695564,3.49666666666667,2.22459068971102,2.8446195102461,5.04621527762641,3.47451370029226,2.12379800319873,1.87504439522632,0.319604946147569,NA
196403,1964-01-01,1.46683091795485,3.53,2.06316908204515,8.55922763537649,6.07942658081697,3.7348377899659,4.82189613550936,2.32593864074389,0.502609840262984,NA
196406,1964-04-01,1.55367775268265,3.47666666666667,1.92298891398402,4.72853989849682,5.96636983577525,3.84259016696848,3.55575423743772,2.58842269102733,0.730263743020272,NA
196409,1964-07-01,1.41632018729059,3.49666666666667,2.08034647937608,5.39667189448352,5.38226473465073,3.86470610241714,2.19257294717856,3.17350533083109,0.823338584312063,NA
196412,1964-10-01,1.38228478418498,3.68333333333333,2.30104854914835,1.41586013940582,5.02507489194066,3.70710689237068,2.52350396248566,3.27343182065283,0.81636410862127,NA
196503,1965-01-01,1.22140026359259,3.89,2.66859973640741,9.74566186329042,5.32168344891915,3.66925067119149,4.90393615827038,3.29394182634308,0.755241487633729,NA
196506,1965-04-01,1.49417721305891,3.87333333333333,2.37915612027442,5.43136181249722,5.49738892741924,3.6435666361387,5.17888743591541,3.69972512596251,0.780373839712896,NA
196509,1965-07-01,1.52836311331814,3.86666666666667,2.33830355334852,8.04267038341209,6.15888854965139,3.71105965079922,-0.694236435491291,2.97802278029504,0.612466173758914,NA
196512,1965-10-01,1.49663508955484,4.16666666666667,2.67003157711182,9.32387387933744,8.13589198463429,3.8841587344429,4.13495583597694,3.38088574866786,0.603980212536523,NA
196603,1966-01-01,1.95261743094752,4.61,2.65738256905248,9.75751910011269,8.13885629383986,4.16675789578713,3.95029610474182,3.14247573528572,0.729669852012576,NA
196606,1966-04-01,2.26836796916552,4.58666666666667,2.31829869750115,1.63458482010128,7.18966204574087,4.1255066705305,2.84360656311655,2.55865551708601,0.772997690163946,NA
196609,1966-07-01,2.66302996805345,5.04333333333333,2.38030336527988,2.83932380314553,5.88882540067424,4.20467107299701,0.773706509169614,2.92564125325123,0.833429350790418,NA
196612,1966-10-01,3.12915879100224,5.21,2.08084120899776,3.41477273914848,4.41155011562699,4.12777839299567,-0.896654810377484,1.66773859166263,0.838054009210198,NA
196703,1967-01-01,2.6485169604884,4.51333333333333,1.86481637284493,3.65546597883508,2.88603683530759,4.1549237849759,-0.239857937489774,0.620200081104727,0.83724042400287,NA
196706,1967-04-01,2.30514467258822,3.66,1.35485532741178,0.350742356975786,2.56507621952622,4.18589585897363,-3.97545681221736,-1.08456576272875,0.792689091253296,NA
196709,1967-07-01,2.45704192579588,4.3,1.84295807420412,3.43821094811148,2.7147980057677,4.17492356612597,2.45918280722179,-0.663196688215706,0.862411506186493,NA
196712,1967-10-01,2.53737098206797,4.75333333333333,2.21596235126537,3.20692610680666,2.66283634768225,4.35813530377289,1.82375818470248,0.0169065605542862,1.14367507134248,NA
196803,1968-01-01,3.29463789427322,5.05,1.75536210572678,8.04143934394617,3.75932968896002,4.82183343064171,0.350243887348967,0.164432016763971,1.42348738863123,NA
196806,1968-04-01,3.83445324043361,5.52,1.68554675956639,6.69840742999313,5.34624595721436,4.92353022809782,3.07143164424843,1.92615413088042,1.59061542069415,NA
196809,1968-07-01,3.94652799980011,5.19666666666667,1.25013866686656,2.87069187328655,5.20436618850812,4.76673922122215,2.21243536231768,1.86446726965439,1.57277152649751,NA
196812,1968-10-01,4.20032519524796,5.58666666666667,1.38634147141871,1.77639517327535,4.8467334551253,4.57993405168615,2.33888753655016,1.99324960761631,1.47795906080731,NA
196903,1969-01-01,4.12706160783376,6.09333333333333,1.96627172549957,6.1717994310321,4.37932347689678,4.54990109904575,5.70194606281191,3.33117515148205,1.46816111742592,NA
196906,1969-04-01,4.38544848818321,6.19666666666667,1.81121817848346,1.28082561612217,3.02492802342904,4.341663503699,0.836764520123623,2.77250837045084,1.25448730047411,NA
196909,1969-07-01,4.57784733779198,7.02333333333333,2.44548599554135,2.49578610914867,2.93120158239457,4.42333542904388,1.166172954796,2.51094276857042,1.37732821703629,NA
196912,1969-10-01,4.62385712605156,7.35333333333333,2.72947620728178,-1.74988418667468,2.04963174240707,4.34034746318622,-1.94947464264672,1.4388522237712,1.3377538329468,NA
197003,1970-01-01,4.7971648216723,7.21,2.4128351783277,-0.709529772468187,0.329299441531994,4.10228606330346,-2.10230590611431,-0.512210768460353,1.31239367269423,NA
197006,1970-04-01,4.62691383672387,6.67666666666667,2.0497528299428,0.707154604005922,0.185881688502931,4.15798583627712,-3.93642540815193,-1.70550825052924,1.1147308423475,NA
197009,1970-07-01,4.3729621624697,6.32666666666667,1.95370450419697,3.52781982893831,0.443890118450341,4.22131280020279,-2.67430017044958,-2.66562653184064,1.06237782690047,NA
197012,1970-10-01,4.51050814907701,5.35333333333333,0.842825184256325,-4.13564772350128,-0.15255076575631,4.23971287400642,-3.84908688002135,-3.14052959118429,1.08038911347794,NA
197103,1971-01-01,4.30312848045542,3.84,-0.463128480455421,10.5694413420785,2.66719201288037,4.43618499594347,1.93222321090509,-2.13189731192944,1.18313103681478,NA
197106,1971-04-01,4.33461648232667,4.25,-0.0846164823266697,2.27625889805054,3.05946808639153,4.30891045963655,2.34765301079811,-0.560877707191931,1.35749445615824,NA
197109,1971-07-01,4.34642346375411,5.01,0.663576536245888,3.11515084967553,2.95630084157583,4.22142555196958,-1.08696544119802,-0.16404402487904,1.25920475658463,NA
197112,1971-10-01,3.67701193989269,4.23,0.552988060107307,1.16655410349651,4.28185129832528,4.04994242776866,4.04141619292666,1.80858174335796,1.26346687310188,1.24063947168813
197203,1972-01-01,3.78598611574836,3.43666666666667,-0.349319449081697,7.11344301963521,3.41785171771445,4.0492681534055,5.30997124116759,2.65301875092359,1.29377660683926,0.897223395787847
197206,1972-04-01,3.23046702895917,3.77,0.539532971040828,9.15722422588559,5.13809304967321,4.17102664837929,1.97911669581607,2.56088467217808,1.29049195924996,1.31204020942913
197209,1972-07-01,3.12637121850208,4.22,1.09362878149792,3.66951284479526,5.27668354845314,4.16795943590005,3.07363177518027,3.60103397627265,1.41992630405356,1.4019973650692
197212,1972-10-01,3.3183114243768,4.86333333333333,1.54502190895654,6.58789467327949,6.63201869089889,4.29392530385108,3.5969995098899,3.48992980551346,1.58040909058386,1.46288082738732
197303,1973-01-01,3.46818992707938,5.7,2.23181007292062,9.72804208811624,7.28566845801915,4.42646679548863,5.33556819680641,3.49632904442316,1.63834031666804,1.67112911383535
197306,1973-04-01,4.79613753139554,6.60333333333333,1.80719580193779,4.50952594969181,6.1237438889707,4.40968577226434,4.27909200003178,4.07132287047709,1.68267216576123,1.58092681674495
197309,1973-07-01,5.72411895867022,8.32333333333333,2.59921437466311,-2.17951734243798,4.66148634216239,4.16187053122885,2.28053047162255,3.87304754458766,1.74337936785271,1.87290600012809
197312,1973-10-01,6.93951279596061,7.5,0.560487204039388,3.71240180786145,3.94261312580788,4.18356508866923,2.35736618672959,3.56313921379758,1.74921857244098,1.33870992903556
197403,1974-01-01,8.66597595457819,7.61666666666667,-1.04930928791152,-3.33644689846508,0.67649087916255,3.88617322532319,-0.0336591728459013,2.22083237138451,1.6278296897321,0.991619086189476
197406,1974-04-01,9.55151806190169,8.15333333333333,-1.39818472856835,1.05019386415464,-0.188342142221742,3.79421457446464,-0.786185849046106,0.954512909115035,1.51928118757001,0.756180575104062
197409,1974-07-01,10.4140259252597,8.19,-2.22402592525969,-3.8917067329308,-0.616389489844948,3.56200510877928,-2.24349173969536,-0.176492643714443,1.40837957039816,0.304754824334795
197412,1974-10-01,10.9000275598321,7.36,-3.5400275598321,-1.60308043154842,-1.94526004969742,3.48653159450542,-5.98560356352422,-2.2622350812779,1.19565188224791,-0.783422025721575
197503,1975-01-01,9.84141121777116,5.75,-4.09141121777116,-4.86198438067262,-2.3266444202493,3.12134043840635,-12.904062691879,-5.47983596103618,0.750451910994174,-0.876958067582501
197506,1975-04-01,8.27409021326369,5.39333333333333,-2.88075687993035,3.07001615433933,-1.82168884770313,3.0623067969524,-3.27270766339858,-6.1014664146243,0.539162033511325,-0.309956951918424
197509,1975-07-01,7.46420175602731,6.33,-1.13420175602731,6.55638790890762,0.790334812756477,3.02514973508979,4.08376075590624,-4.5196532907239,0.658611963296263,0.476539165344339
197512,1975-10-01,6.61372379289906,5.62666666666667,-0.987057126232395,5.35664429142528,2.5302659934999,2.92596899539198,5.70175756912796,-1.59781300756086,0.697782006625038,0.411252907540539
197603,1976-01-01,5.84217598531143,4.91666666666667,-0.925509318644759,8.93220807268662,5.97881410683971,2.90533621970633,5.75382915055869,3.06665995304858,0.74287033277046,0.317713494418809
197606,1976-04-01,5.44883534679088,5.15666666666667,-0.292168680124215,3.01092995650478,5.96404255738108,2.93974484811642,0.895548466736074,4.10872398558224,0.694168880360948,0.477140160210954
197609,1976-07-01,5.09581869797668,5.15,0.0541813020233164,2.02870241980477,4.83212118510536,2.9194793135329,1.85360324836878,3.55118460869788,0.721166298840927,0.587072448096246
197612,1976-10-01,4.99855898710506,4.67333333333333,-0.325225653771729,2.99109675530644,4.24073430107565,2.90888741393685,0.872335767261845,2.34382915823135,0.765391063281911,0.489240381138076
197703,1977-01-01,5.67496733850321,4.63,-1.04496733850321,4.62718904806536,3.16447954492034,2.93318049066761,3.98954925857637,1.90275918523577,0.871126243183564,0.324687548942436
197706,1977-04-01,6.54125635471665,4.84,-1.70125635471665,7.77453904760179,4.35538181769459,3.11877540793326,8.8777290756898,3.8983043374742,1.19245589038124,-0.013708325979196
197709,1977-07-01,6.53697831024829,5.49666666666667,-1.04031164358162,7.01470205027093,5.60188172531113,3.20818768548724,3.11486552574536,4.21361990681834,1.20884795834433,0.186018066260031
197712,1977-10-01,6.39464693358209,6.11,-0.284646933582093,0.0420079955162578,4.86460953536358,3.12906473270498,4.04536064453573,5.00687612613682,1.26438801984016,0.435304764214933
197803,1978-01-01,6.26960491109152,6.39333333333333,0.123728422241814,1.38935841778576,4.05515187779368,2.96276270955097,2.06942195052378,4.52684429912367,1.30736747141953,0.51669180492487
197806,1978-04-01,6.6134131243448,6.47666666666667,-0.136746457678136,15.2574456565446,5.92587853002939,3.17673866521476,11.1864559310774,5.10402601297058,1.51024307859026,0.362471302940553
197809,1978-07-01,6.85925288296869,7.31333333333333,0.454080450364642,3.8926558350127,5.14536697621484,3.20228776425791,3.24125081290916,5.13562233476152,1.53596346485505,0.472693123575263
197812,1978-10-01,7.307402292603,8.57,1.262597707397,5.32924980972496,6.46717742976701,3.29110913016915,4.31721170656516,5.20358510026888,1.58542156910542,0.743098786967078
197903,1979-01-01,7.51447635654827,9.38333333333333,1.86885697678506,0.793942251727486,6.31832338825244,3.15666270068654,2.78268230483114,5.38190018884572,1.5124399751559,0.862227282653729
197906,1979-04-01,8.16286980260741,9.37666666666667,1.21379686405926,0.483956872042768,2.62495119212698,3.13674098208455,1.2034071592808,2.88613799589656,1.52160604113483,0.723416313373708
197909,1979-07-01,8.86032831145469,9.67333333333333,0.813005021878643,2.8619128774757,2.36726545274273,3.14589415129273,3.30597156198209,2.9023181831648,1.57510100631448,0.640011035425362
197912,1979-10-01,9.37534823565085,11.8433333333333,2.46798509768248,1.03419714089341,1.29350228553484,3.21549618448193,1.36610949490077,2.1645426302487,1.65799060975317,1.03332024427253
198003,1980-01-01,10.4646560955766,13.3533333333333,2.88867723775677,1.29178686545757,1.41796343896736,3.26552910043008,-1.91183974630285,0.990912117465204,1.66275226374846,1.13602939310857
198006,1980-04-01,10.189173310567,9.61666666666667,-0.572506643900345,-8.19593464801116,-0.75200944104612,3.04295186912965,-6.80804567767765,-1.01195109177441,1.59096175701031,0.486089171684436
198009,1980-07-01,10.0534093873582,9.15333333333333,-0.90007605402486,-0.606537488228298,-1.61912203247212,2.93959293620048,-1.49434641633874,-2.21203058635462,1.62046060086309,0.479361362180544
198012,1980-10-01,10.1059541898156,13.6133333333333,3.50737914351774,7.34521118902904,-0.0413685204382119,3.22661440901374,5.03777243289392,-1.29411485185633,1.84263208368597,1.07436021941951
198103,1981-01-01,9.71957622277224,14.39,4.67042377722776,8.19350695292087,1.68406150142761,3.1672160492848,2.16077957430265,-0.275960021704957,1.84834599277091,1.32613802388174
198106,1981-04-01,8.96058029857008,14.9066666666667,5.94608636809659,-2.93169388122934,3.00012169312307,3.0370172298028,-0.659706072935506,1.26112487948058,1.77316201567757,1.68267199366427
198109,1981-07-01,8.28036698500991,15.0533333333333,6.77296634832342,4.56386991715121,4.29272354446795,3.0732352064897,0.167566918140238,1.67660321310033,1.80452532466102,2.06942019903368
198112,1981-10-01,7.35194536822918,11.75,4.39805463177082,-4.69396014637766,1.28293071061627,2.92672235024284,-1.34759880063271,0.0802604047186684,1.66979994982204,1.58149120825132
198203,1982-01-01,6.04064969844069,12.8133333333333,6.77268363489264,-6.74767342926899,-2.45236438493119,2.58019443902024,-6.58421491319174,-2.10598821715493,1.37244529596305,2.00249519088248
198206,1982-04-01,5.33656539401486,12.42,7.08343460598514,2.17318377449516,-1.17614497100007,2.40559342773548,0.998183876008341,-1.69151572991897,1.34792197546786,2.16141740162679
198209,1982-07-01,5.27429834582365,9.31666666666667,4.04236832084302,-1.44322170635789,-2.67791787687734,2.27777506395665,-2.54952865307381,-2.37078962272248,1.20734296476151,1.62562424398769
198212,1982-10-01,4.86891807461634,7.90666666666667,3.03774859205033,0.390017602646253,-1.40692343962137,2.12282813719082,-3.66086281959532,-2.94910562746313,1.02589640652438,1.51998571028691
198303,1983-01-01,4.48121170993931,8.10666666666667,3.62545495672735,5.2051857496977,1.58129135512031,2.00975672873035,2.10869669671965,-0.775877724985286,0.945224619022209,1.67681407421743
198306,1983-04-01,4.44928105903739,8.39666666666667,3.94738560762928,9.02529122697331,3.29431821823984,2.12265086066239,4.02420493010567,-0.0193724614609536,0.938852442274056,1.72729142956233
198309,1983-07-01,4.19422308368933,9.14,4.94577691631067,7.75602776734488,5.59413058666554,2.37103948840696,7.92895253123689,2.60024783461672,1.08006299376441,1.89970848137758
198312,1983-10-01,3.74954991513867,8.8,5.05045008486133,8.16487679632587,7.53784538508544,2.48235136311857,6.35655834250599,5.10460312514205,1.18004279765882,1.9628971783154
198403,1984-01-01,3.95948685930683,9.17,5.21051314069317,7.86941823236447,8.20390350575213,2.76249799138931,7.71210539074154,6.50545529864752,1.37368691174851,2.0932543051205
198406,1984-04-01,4.00588271428068,9.79666666666667,5.79078395238598,6.96436950786108,7.68867307597407,2.91035238248197,5.07772104752142,6.76883432800146,1.5202845841627,2.17646789650718
198409,1984-07-01,3.468541533526,10.32,6.851458466474,3.91596843169495,6.72865824206159,3.10554426159761,1.91708277321077,5.26586688849493,1.62429894698535,2.513461447333
198412,1984-10-01,3.42862009934009,8.80333333333333,5.37471323399325,3.17786053096754,5.48190417572201,3.22506778566051,2.2807919964773,4.24692530198776,1.83095883598539,2.29652183049296
198503,1985-01-01,3.54643656583362,8.18333333333333,4.63689676749971,3.95688180157947,4.50377006802576,3.44553944021682,3.06522204394604,3.08520446528888,2.23019095438102,2.29197707290174
198506,1985-04-01,3.42031220123244,7.46,4.03968779876756,3.6453024849628,3.67400331230119,3.4599215984824,2.08082567096319,2.33598062114933,2.36402928774006,2.24485972678857
198509,1985-07-01,3.44250330386382,7.10666666666667,3.66416336280285,6.17491590720505,4.23874018117871,3.45038479843984,0.523230195691937,1.98751747676962,2.2750160237347,2.14499321365626
198512,1985-10-01,3.50478957198481,7.16666666666667,3.66187709468185,2.98953357436247,4.19165844202745,3.39120703051327,1.50459194949946,1.79346746502516,2.17008688324399,2.22077668820891
198603,1986-01-01,3.02948632713393,6.89666666666667,3.86718033953273,3.69035238834527,4.1250260887189,3.26016063840473,0.140765767218554,1.06235339584329,2.02976029866049,2.16820005821685
198606,1986-04-01,2.06972446032125,6.14,4.07027553967875,1.83205190417084,3.67171344352091,3.23068868709639,-0.929970828928717,0.309654270870308,1.98412231626887,2.31496246595947
198609,1986-07-01,1.78287437848716,5.52333333333333,3.74045895484617,4.0061414883624,3.12951983881025,3.28012466381033,2.15722429182712,0.718152794904103,1.99171284235533,2.23630896024855
198612,1986-10-01,1.69308339188019,5.35333333333333,3.66024994145314,2.0656687952588,2.89855364403433,3.25698896480914,2.93570749255778,1.07593168066868,2.04329713548772,2.25419729152505
198703,1987-01-01,1.91262270113874,5.53666666666667,3.62404396552792,2.78718608074442,2.67276206713412,3.21098889062611,4.59769870977631,2.19016491630812,2.05850087176772,2.26763439219887
198706,1987-04-01,2.97983602948566,5.65666666666667,2.67683063718101,4.46506198100138,3.33101458634175,3.1282519639611,2.47993290527155,3.04264084985819,1.89855596750727,2.15982986157048
198709,1987-07-01,3.40641868569449,6.04333333333333,2.63691464763884,3.6114830642525,3.23234998031428,3.04317148931064,2.50545048033359,3.12969739698481,1.88332059137197,2.13332112222866
198712,1987-10-01,3.68641428037551,5.86333333333333,2.17691905295783,6.54828437154578,4.35300387438602,3.20582839871138,4.0499596199016,3.40826042882076,1.88343556575612,2.08073299734599
198803,1988-01-01,3.52869067951014,5.72333333333333,2.1946426538232,2.2432463389535,4.21701893893829,3.22717559674057,0.269142790399002,2.32612144897644,1.838428586753,2.15900066486432
198806,1988-04-01,3.68178281906921,6.21,2.52821718093079,5.2505174369557,4.41338280292687,2.97700239125085,5.4778904811176,3.07561084293795,1.695714450504,2.0891101102618
198809,1988-07-01,3.97153383116002,7.01,3.03846616883998,2.30222955946573,4.08606942673018,2.93724173436217,0.782143520619272,2.64478410300937,1.63423676819676,2.17053202436053
198812,1988-10-01,4.09496677616055,7.72666666666667,3.63169989050612,5.26360422480465,3.7648993900449,2.93560059473917,4.60864930939948,2.78445652538384,1.64152270826762,2.28742943735715
198903,1989-01-01,4.43306922567821,8.54,4.10693077432179,4.01474064471188,4.20777296648449,3.01612055456378,3.70095489195812,3.64240955077362,1.66447952294579,2.3584676166137
198906,1989-04-01,4.65507572719712,8.41,3.75492427280288,3.13307697103866,3.67841285000523,3.08234855703867,1.06655790808183,2.53957640751468,1.66105829166582,2.35785478340039
198909,1989-07-01,3.99867847682991,7.84333333333333,3.84465485650342,2.97491109799424,3.84658323463736,3.08517351255164,1.467796779826,2.71098972231636,1.61510392211191,2.31725038762511
198912,1989-10-01,3.7800888057725,7.65333333333333,3.87324452756084,0.845435846257203,2.7420411400005,3.08045448018573,0.0171856371064649,1.56312380424311,1.58138082566706,2.44694654731221
199003,1990-01-01,4.08272277249386,7.76,3.67727722750614,4.35570052782595,2.82728111077901,3.15705232174494,0.485189438993316,0.759182441001904,1.64130655529946,2.4293685408927
199006,1990-04-01,3.65596350532806,7.74666666666667,4.0907031613386,1.54379255191657,2.42996000599849,3.40054550174314,-1.97017185592578,0,1.76225340084326,2.54801727629649
199009,1990-07-01,4.3363823727657,7.47666666666667,3.14028429390097,0.0987661362742642,1.7109237655685,3.4181780923557,-2.50030553793863,-0.992025579441158,1.73710442280326,2.33807472282743
199012,1990-10-01,4.86176296921386,6.99,2.12823703078614,-3.42434293626894,0.643479069936959,3.14893923922325,-1.11241543908136,-1.27442584848811,1.58334972600388,2.19495714095798
199103,1991-01-01,3.93994307823187,6.02333333333333,2.08339025510147,-1.88147183929743,-0.915814021843886,2.89706476941779,-4.04984817652299,-2.40818525236719,1.42808403223324,2.17384766565799
199106,1991-04-01,3.57601857908865,5.56,1.98398142091135,3.09225227959118,-0.528699089925233,3.0476634234383,-2.37190568146204,-2.50861870875125,1.38527904202007,2.14221851201383
199109,1991-07-01,3.00370589905246,5.37666666666667,2.37296076761421,1.91545317465156,-0.0745273303309091,2.98145300487581,-0.362755640385259,-1.97423123436291,1.37202097805694,2.12857368713296
199112,1991-10-01,2.41540610252535,4.54,2.12459389747465,1.74247967631018,1.21717832281387,3.14236400044301,-0.855103530628298,-1.90990325724965,1.38433335980705,2.21700008818165
199203,1992-01-01,2.53463032484031,3.89333333333333,1.35870300849302,4.69727815392531,2.86186582111956,3.42848779002287,-2.57186967715057,-1.54040863240654,1.48464199070808,2.06846193776246
199206,1992-04-01,2.66602821848547,3.68,1.01397178151453,4.38649488586336,3.1854264726876,3.48382056780707,2.07480429569671,-0.428731138116856,1.51155750120028,2.09198599064316
199209,1992-07-01,2.62555198549581,3.08333333333333,0.457781347837523,3.86966150069483,3.67397855419842,3.61664264798339,0.505935937859903,-0.211558243555565,1.58794411597363,1.96581656294852
199212,1992-10-01,2.61216210066095,3.07,0.457837899339047,3.9881234673075,4.23538950194775,3.70659529459992,2.49808758257188,0.62673953474448,1.74191787602781,2.00539030120731
199303,1993-01-01,2.5908835191923,2.96,0.3691164808077,0.745043135714951,3.24733074739516,3.59509172925035,2.87662019646646,1.98886200314874,1.76111596352148,1.93009611512576
199306,1993-04-01,2.60135079240458,2.96666666666667,0.365315874262089,2.37158938801656,2.74360437293346,3.42874918327643,4.36525437566999,2.56147452314206,1.76964219966059,1.83962451113841
199309,1993-07-01,2.40194141192918,3.00333333333333,0.601391921404157,1.94591239089021,2.26266709548231,3.28349629886507,2.24883375963678,2.99719897858628,1.62763923037058,1.9341698073063
199312,1993-10-01,2.27260728710101,3.06,0.787392712898986,5.30447903256075,2.59175598679562,3.21198635477094,3.64626305753717,3.2842428473276,1.55988184824636,1.88572906373455
199403,1994-01-01,2.03478756841742,3.24333333333333,1.20854576491592,3.90266508799542,3.38116147486573,3.11281752616171,3.69362718796857,3.48849459520313,1.45941989317704,1.96241425234576
199406,1994-04-01,1.91715891853992,3.98666666666667,2.06950774812675,5.42977760135201,4.1457085281996,3.07445272849899,7.04572476911842,4.15861219356524,1.50861998621696,2.09015867002267
199409,1994-07-01,2.19210960825293,4.47666666666667,2.28455705841373,2.35189155825068,4.24720332003972,3.03535080666288,4.30338155158374,4.67224914155198,1.56827745567629,2.11126238215909
199412,1994-10-01,2.08919040067066,5.28,3.19080959932934,4.51633542816055,4.05016741893967,3.06881267909271,1.76246045505906,4.20129849093245,1.55531916714083,2.19773529027557
199503,1995-01-01,2.21213037278378,5.73666666666667,3.52453629388288,1.36488833482389,3.41572323064678,3.00401284242382,1.9338491203083,3.76135397401738,1.52703484404989,2.2811496737205
199506,1995-04-01,2.220137038967,5.59666666666667,3.37652962769967,1.39518177964391,2.40707427521976,2.94775982479084,-0.0895501128205467,1.97753525353264,1.47277544945529,2.21531548059689
199509,1995-07-01,1.90972796873234,5.36666666666667,3.45693869793432,3.40961001155833,2.67150388854667,2.87862717739968,3.95764090931792,1.89110009296618,1.55863571729594,2.19603028670034
199512,1995-10-01,1.88005493744559,5.26,3.37994506255441,2.82964328228488,2.24983085207775,2.87462992009774,0.740987053342579,1.63573174253706,1.53954559489202,2.23729685163511
199603,1996-01-01,1.96178217362402,4.93,2.96821782637598,2.61543175006764,2.56246670588869,2.84775690414079,0.739616936515475,1.33717369658886,1.55451687412445,2.23904127178103
199606,1996-04-01,2.05674348071279,5.02,2.96325651928721,6.9237247059462,3.94460243746426,2.97504872418518,3.47471883878328,2.22824093448981,1.66463411581725,2.24318024398391
199609,1996-07-01,2.08360626068025,5.09666666666667,3.01306040598642,3.68307677564985,4.01296912848714,2.96697210636736,2.9590099735902,1.97858320055788,1.68467875786132,2.24745976751859
199612,1996-10-01,2.31805980871531,4.97666666666667,2.65860685795136,4.20409625271532,4.35658237109475,3.02043279280378,4.37442028256037,2.88694150786233,1.72064657761139,2.19820536923903
199703,1997-01-01,2.19819065339122,5.06,2.86180934660878,3.03716237908986,4.46201502835031,3.02668220026241,3.5994736706737,3.60190569140189,1.69569095163382,2.26346606694266
199706,1997-04-01,1.78663369222427,5.04666666666667,3.2600329744424,5.9892544132687,4.22839745518093,3.0647870110691,1.73559541918245,3.16712483650168,1.67708251448159,2.31363606628566
199709,1997-07-01,1.61595145237063,5.04666666666667,3.43071521429603,5.06111216629819,4.57290630284302,3.10102773862024,2.00835310236975,2.92946061869657,1.6646550800325,2.34902891900749
199712,1997-10-01,1.25222688924378,5.09,3.83777311075622,3.09179217348401,4.29483028303519,3.01461543366869,1.43658362806143,2.19500145507183,1.59932068023649,2.41161372492432
199803,1998-01-01,0.80668639054986,5.05333333333333,4.24664694278347,3.93822077598571,4.52009488225915,3.0569897945945,2.35628975829627,1.88420547697747,1.65149935443393,2.47221481920887
199806,1998-04-01,0.738313959959047,4.97666666666667,4.23835270670762,3.8607399165322,3.98796625807503,3.02224535658391,2.32737302189356,2.03214987765525,1.57273641795332,2.50869043845978
199809,1998-07-01,0.785586778244074,4.82333333333333,4.03774655508926,5.19886981039406,4.02240566909899,3.09466136285712,0.306022711610154,1.60656727996535,1.5608333977281,2.48982331575628
199812,1998-10-01,0.728343234069051,4.25333333333333,3.52499009926428,6.51281665586225,4.87766178969355,3.12589167363356,4.54753045084075,2.38430398566019,1.55930542626413,2.45437986309179
199903,1999-01-01,0.994320459417164,4.40666666666667,3.4123462072495,3.18131787158009,4.68843606359215,3.10505610430527,-1.26406044031881,1.47921643600641,1.4351800429572,2.40768284102256
199906,1999-04-01,1.34967581348056,4.45333333333333,3.10365751985278,3.28530600865875,4.54457758662379,3.10886183024577,2.40873471455814,1.49955685917256,1.46873446311911,2.40896904737773
199909,1999-07-01,1.57216777991351,4.65,3.07783222008649,5.00267386548714,4.49552860039706,3.15955589943309,2.41652205619438,2.02718169531861,1.49245259502832,2.43194540226269
199912,1999-10-01,1.91032138656233,5.04333333333333,3.133011946771,6.88370118468242,4.5882497326021,3.31051253289372,1.97137481290213,1.38314278583396,1.54130732442321,2.43505977515877
200003,2000-01-01,2.48300357447722,5.52,3.03699642552278,1.15901144480972,4.08267312590951,3.23059530581832,2.21814743960778,2.25369475581561,1.58463127443857,2.48334606487323
200006,2000-04-01,2.40600680798915,5.71333333333333,3.30732652534419,7.48462068847573,5.13250179586375,3.37911600923229,0.439230658508194,1.76131874180312,1.64486633729942,2.48845770344354
200009,2000-07-01,2.49915341256948,6.01666666666667,3.51751325409719,0.480821524197239,4.00203871054128,3.38866739393037,0.266962895668854,1.22392895167174,1.71404804813961,2.59130144665513
200012,2000-10-01,2.45915186333923,6.01666666666667,3.55751480332744,2.2671618514039,2.84790387722165,3.53095501362219,-2.29510629476195,0.157308674755718,1.6844807767476,2.58901585230258
200103,2001-01-01,2.2909969422523,4.81666666666667,2.52566972441437,-1.13906137487305,2.27338567230095,3.5495152752328,-0.228029208624747,-0.454235487302412,1.78002625094505,2.44766036933645
200106,2001-04-01,2.31134974307281,3.66,1.34865025692719,2.11473536262261,0.930914340837674,3.52507735230859,-4.32768549824445,-1.64596452649057,1.73113175552549,2.31023789906353
200109,2001-07-01,1.76833731177881,3.17,1.40166268822119,-1.26702555847942,0.49395257016851,3.44551538398031,-4.40134011522986,-2.81304027921525,1.63016714365438,2.23078588168823
200112,2001-10-01,1.28246901127067,1.90666666666667,0.624197655395996,1.10857151885924,0.204304987032344,3.42966768004404,-4.27924772300976,-3.3090756362772,1.54456353884484,2.25539443129887
200203,2002-01-01,0.801795145253337,1.72,0.918204854746663,3.66631108555922,1.40564810214041,3.40389350333488,-3.27806563758308,-4.07158474351679,1.52690863983403,2.16814594263363
200206,2002-04-01,1.09279167950254,1.71333333333333,0.620541653830797,2.20084660924371,1.42717591379569,3.34925229641939,0.91475852839551,-2.7609737368568,1.4979074956515,2.14461866535992
200209,2002-07-01,1.52040821318344,1.64333333333333,0.122925120149889,1.94259520859248,2.22958110556366,3.30107563911683,-1.4247157016392,-2.01681763345913,1.44964120466402,2.0241363227774
200212,2002-10-01,1.91187068454566,1.33333333333333,-0.578537351212325,0.25453915696616,2.01607301509039,3.2077360313583,0.613402972532029,-0.793654959573686,1.40252408941302,1.8713991622982
200303,2003-01-01,2.43217203609012,1.15666666666667,-1.27550536942345,2.06663347475953,1.61615361239047,3.24077578983442,-2.28586320109372,-0.545604350451345,1.27346200447402,1.76542965312632
200306,2003-04-01,1.74960569784011,1.04,-0.709605697840106,3.69460086805589,1.98959217709351,3.2738510768354,-1.90781831920113,-1.2512485623505,1.11663518710224,1.73830935802752
200309,2003-07-01,1.85565656740998,0.93,-0.92565656740998,6.64362418237872,3.16484942054007,3.39129387162261,1.24844890864644,-0.582957409779095,1.09162556582748,1.69896439146992
200312,2003-10-01,1.80302658155362,0.916666666666667,-0.886359914886957,4.64977127119397,4.26365744909702,3.37492617758844,2.14378667359298,-0.200361484513856,1.05406365622888,1.77582424899944
200403,2004-01-01,1.85921285926103,0.916666666666667,-0.942546192594361,2.29367489313432,4.32041780369072,3.33470142271691,1.2532287092224,0.684411493065173,0.993053694260224,1.58163877691105
200406,2004-04-01,2.47498339811596,1.07666666666667,-1.39831673144929,2.92137324658484,4.12711089832296,3.27199131384774,0.634696215065489,1.32004012663183,0.832777980408901,1.40914000803818
200409,2004-07-01,2.44567467741375,1.48666666666667,-0.959008010747078,3.61931977076324,3.37103479541909,3.30367701916055,2.43763847150085,1.61733751734543,0.786134403406828,1.55009775716272
200412,2004-10-01,2.82829808033336,2.00666666666667,-0.821631413666691,3.44257903058391,3.06923673526658,3.27683310922113,1.02015234320305,1.33642893474795,0.767576700610428,1.50292714870897
200503,2005-01-01,2.58501562201516,2.53666666666667,-0.0483489553484966,4.24126265834772,3.55613367656993,3.34874246730923,1.07799954609327,1.29262164396566,0.746180461255053,1.59006831433801
200506,2005-04-01,2.54720284896326,2.86333333333333,0.316130484370074,2.08304328281486,3.34655118562743,3.3659390048885,3.32532760755058,1.96527949208694,0.831552404264331,1.61260362020806
200509,2005-07-01,3.05738678247005,3.36,0.302613217529949,3.34628453426618,3.27829237650317,3.3643558679562,0.520367887329343,1.48596184604406,0.745620578714616,1.5514161555179
200512,2005-10-01,3.04840272769313,3.82666666666667,0.778263938973533,2.2795929648403,2.98754586006726,3.35060461002008,2.0821719466646,1.75146674690945,0.779150201047667,1.67556063100904
200603,2006-01-01,2.99246162942683,4.39333333333333,1.4008717039065,4.77692109290899,3.12146046870758,3.40464184359112,3.38364775534785,2.32787879922309,0.845250971518476,1.76455308962745
200606,2006-04-01,3.09635772436572,4.70333333333333,1.60697560896762,1.19347813929167,2.89906918282679,3.26138567942476,1.53228667248193,1.87961856545593,0.796690167360943,1.77748697915577
200609,2006-07-01,2.71757010200453,4.90666666666667,2.18909656466214,0.357574771986435,2.15189174225685,3.17824812933317,2.24361325093199,2.31042990635659,0.778805249294487,1.75388760896748
200612,2006-10-01,1.76796161646386,4.90333333333333,3.13537171686947,3.11867073848404,2.36166118566778,3.15111249147739,1.63080137785272,2.19758726415362,0.710214776676796,1.97896693516533
200703,2007-01-01,2.23423557849269,4.98333333333333,2.74909775484064,0.247040454068781,1.22919102595773,3.08135944335186,0.276612598716142,1.42082847499569,0.627143249877857,1.84416062571642
200706,2007-04-01,2.25834758278136,4.73666666666667,2.4783190838853,3.04802953228389,1.69282887420579,3.00782882132724,0.647108150003817,1.19953384437617,0.599931068148392,1.78152358174717
200709,2007-07-01,2.11176126269663,4.30333333333333,2.1915720706367,2.68134290628197,2.27377090777967,2.94833458982684,-1.70363280016481,0.212722331601967,0.507131420585027,1.79454227434027
200712,2007-10-01,3.28083607292804,3.39,0.109163927071961,1.42510148403332,1.85037859416699,2.90666732259057,-0.124051372856471,-0.225990856075331,0.46811554556208,1.51659645265135
200803,2008-01-01,3.20667525370446,2.04333333333333,-1.16334192037113,-2.73976369457642,1.10367755700569,2.73971771082651,-1.17675089894504,-0.589331730490628,0.379789529131047,1.19620263971562
200806,2008-04-01,3.45602582209521,1.62666666666667,-1.82935915542854,1.98057491870571,0.836813903611144,2.69271358588085,-2.18726174620087,-1.2979242045418,0.266923659928686,1.0571121456366
200809,2008-07-01,3.90340307979038,1.49333333333333,-2.41006974645705,-1.92166505924618,-0.313938087770893,2.51470021413985,-4.40701395463918,-1.97376949316039,0.149097743272453,0.92597400900623
200812,2008-10-01,1.46165899836719,0.296666666666667,-1.16499233170052,-8.54250721894161,-2.80584026351463,2.13831711726975,-9.48024082061494,-4.31281685510001,-0.20159653851394,0.834867494692743
200903,2009-01-01,0.0420192790632434,0.213333333333333,0.17131405427009,-5.58083048659483,-3.51610696151923,1.91926340831538,-10.4058357523829,-6.62008806845948,-0.430140921315543,0.955996949453505
200906,2009-04-01,-0.550540919287013,0.173333333333333,0.723874252620346,-0.541861826254575,-4.1467161477593,1.82358421244254,-8.86456300057148,-8.28941338205214,-0.711973364193783,1.00561974457266
200909,2009-07-01,-0.935555867285487,0.156666666666667,1.09222253395215,1.30520855489777,-3.33999774422331,1.73114757967781,-4.83469771742833,-8.39633432274942,-0.893253858534351,0.986713428508686
200912,2009-10-01,1.18828935525492,0.0566666666666667,-1.13162268858826,3.85360026386934,-0.240970873520574,1.65539505665748,-0.125464802587061,-6.05764031824245,-0.94567484892158,0.600905026356477
201003,2010-01-01,2.09522289068964,0.106666666666667,-1.98855622402297,1.72764665669192,1.58614841230111,1.66961093695454,0.404583970487593,-3.35503538752482,-0.991013935649585,0.532379907476674
201006,2010-04-01,1.76004304560626,0.146666666666667,-1.6133763789396,3.84559718901514,2.68301316611854,1.57863534946802,3.3784358724116,-0.294285669279049,-0.917533805302,0.504142745826624
201009,2010-07-01,1.42842830116328,0.156666666666667,-1.27176163449661,2.69065757059295,3.02937542004234,1.63388125062792,1.85622607785092,1.37844527954076,-0.877802225747448,0.515047848303009
201012,2010-10-01,1.2790482873311,0.136666666666667,-1.14238162066443,2.51254004819543,2.69411036612386,1.6400157055477,2.01844695695463,1.91442321942619,-0.769963394454534,0.549511036148961
201103,2011-01-01,1.68462274047707,0.126666666666667,-1.5579560738104,-1.54794064817665,1.87521353990672,1.62979372371511,1.14601328496562,2.09978054804569,-0.735612332114775,0.435471870282777
201106,2011-04-01,2.57770401675037,0.0466666666666667,-2.5310373500837,2.899266735038,1.63863092641243,1.6494070080255,2.68755358318842,1.9270599757399,-0.560231355078953,0.316635542235385
201109,2011-07-01,2.81045006893894,0.0233333333333333,-2.78711673560561,0.842206478645124,1.17651815342548,1.70213780895361,2.00485939927866,1.96421830609683,-0.40007636721624,0.332088780002877
201112,2011-10-01,2.6247567237772,0.0133333333333333,-2.61142339044387,4.47798496562086,1.66787938278183,1.78637314512265,2.94389911998891,2.1955813468554,-0.219497696141273,0.329626418296112
201203,2012-01-01,2.45562893925655,0.0666666666666667,-2.38896227258988,2.64504204985698,2.71612505729024,1.7608414192301,3.32327757278961,2.7398974188114,-0.0544641158819559,0.310785471563608
201206,2012-04-01,1.75429167007968,0.0866666666666667,-1.66762500341301,1.86289318868091,2.45703167070097,1.75239258371603,0.381240311324405,2.1633191008454,-0.0678020713087335,0.322640893034959
201209,2012-07-01,1.55233567542918,0.103333333333333,-1.44900234209585,0.478466575371783,2.36609669488264,1.71578936788551,1.64018878774428,2.0721514479618,0.00882054092585349,0.420825809911979
201212,2012-10-01,1.74541642947768,0.0866666666666667,-1.65874976281101,0.0897641795802429,1.26904149837248,1.71166999345086,1.61440171708342,1.73977709723543,0.0338455095396384,0.320814560102631
201303,2013-01-01,1.52421625906864,0.0866666666666667,-1.43754959240198,2.7885471114466,1.30491776376989,1.72971783436804,1.37588808413938,1.25292972507287,0.125389291670466,0.41393362467268
201306,2013-04-01,1.26193521288807,0.05,-1.21193521288807,0.765629660764233,1.03060188179072,1.65649355418575,1.13980757399297,1.44257154074001,0.201579939000318,0.349140003675252
201309,2013-07-01,1.30338566525197,0.0333333333333333,-1.27005233191863,3.07487708906677,1.67970451021446,1.56727487685295,2.56029313310293,1.67259762707967,0.23437604461173,0.353387513255988
201312,2013-10-01,1.19595828274184,0.0633333333333333,-1.1326249494085,3.88336356320949,2.62810435612177,1.54811468415334,1.437456273732,1.62836126624182,0.216717784615206,0.28432426469497
201403,2014-01-01,1.36153599623112,0.0466666666666667,-1.31486932956446,-0.921871059004786,1.70049981350893,1.46772603534986,1.51090004041237,1.66211425531007,0.223159567894955,0.241330305517053
201406,2014-04-01,1.76218592679378,0.0333333333333333,-1.72885259346045,4.49953385277269,2.63397586151104,1.50718005050456,3.34633316825226,2.21374565387489,0.290950491724624,0.199722938578905
201409,2014-07-01,1.68666339023718,0.0266666666666667,-1.65999672357051,5.08030781931978,3.13533354407429,1.54370475171847,3.06823676921084,2.34073156290187,0.306715449167374,0.254958150736116
201412,2014-10-01,1.19127125347491,0.0233333333333333,-1.16793792014158,1.99529859818881,2.66331730281912,1.50752274090859,4.66788202036952,3.14833799956125,0.397908691096536,0.304462334560676
201503,2015-01-01,0.269301220810636,0.0266666666666667,-0.242634554143969,3.18693083167148,3.69051777548819,1.48116444524169,1.25376572754519,3.08405442134445,0.402302845632834,0.336790487384025
201506,2015-04-01,0.250443592757232,0.02,-0.230443592757232,2.70445641271735,3.24174841547435,1.49669977348925,1.62946290189012,2.65483685475392,0.359906227991322,0.357632907655691
201509,2015-07-01,0.279175185730907,0.04,-0.239175185730907,1.61748826190831,2.37604352612149,1.4534798666803,0.0578144338355457,1.90223127091009,0.348342391653977,0.336983288757083
201512,2015-10-01,0.385660494977724,0.123333333333333,-0.262327161644391,0.48452009518769,1.99834890037121,1.40860304493899,3.13114553441807,1.51804714942223,0.374566731347814,0.286916145352035
201603,2016-01-01,0.948855772100732,0.286666666666667,-0.662189105434065,0.578613250634419,1.34626950511194,1.30364534888212,1.38498221492149,1.55085127126631,0.324600092837155,0.248445099919423
201606,2016-04-01,1.04169029301664,0.256666666666667,-0.785023626349973,2.2131605437643,1.22344553787368,1.32913740899394,1.82854609759424,1.60062207019234,0.332006578464963,0.239932233830857
201609,2016-07-01,1.15281142878052,0.296666666666667,-0.856144762113854,2.74226662827672,1.50464012946578,1.38875470540119,0.668023003067475,1.75317421250032,0.29261682226835,0.18192398096512
201612,2016-10-01,1.60414419572001,0.43,-1.17414419572001,1.74304031368706,1.81927018409063,1.35436394478127,0.291022673565422,1.04314349728716,0.259122354661168,0.0752562241831814
201703,2017-01-01,1.99181440483764,0.59,-1.40181440483764,1.22815731422676,1.98165619998871,1.37889186628522,2.01360223157359,1.20029850145018,0.302547095482604,0.104455410065612
201706,2017-04-01,1.54202245896959,0.89,-0.652022458969594,3.01395368519763,2.18185448534705,1.37803997010806,2.08780317753998,1.26511277143662,0.338564471171008,0.181183847026689
201709,2017-07-01,1.48781273610803,1.03666666666667,-0.451146069441363,3.10711506015906,2.27306659331763,1.38868427395499,0.656126109266353,1.26213854798634,0.397558443906787,0.152669573455708
201712,2017-10-01,1.66758169033434,1.20666666666667,-0.460915023667674,2.84707404576778,2.54907502633781,1.42423358799835,3.98374227789553,2.18531844906886,0.500253285175587,0.232029330072889
201803,2018-01-01,1.74000408153985,1.56,-0.180004081539848,1.97025352017732,2.73459907782545,1.5419840183672,1.81472172735191,2.13559832301344,0.575040100833011,0.280609727046526
