"yyyymm","date","pi","tb3m","rr","g","ga","gma","lfg","lfga","lfgma","rstar","rstar.lb","rstar.ub","rr.cycle"
196003,1960-01-01,1.66469581818416,3.87333333333333,2.20863751514917,8.81292622284207,4.80544979895488,4.04288628066585,-1.08789949601125,1.04546367885661,0.729472514868297,1.51072188541908,-1.39564413167285,4.35668826580644,0.697915629730096
196006,1960-04-01,1.79150536892472,2.99333333333333,1.20182796440862,-1.52083631494051,2.02265836272169,3.70696644896201,3.97008780571717,-0.307943669263189,0.60905903472352,1.40561299310527,-1.41850174247516,4.28564953332481,-0.203785028696632
196009,1960-07-01,1.58217845496185,2.36,0.777821545038153,0.994741271911437,2.46411640686119,3.35366808410643,-0.580179552568438,0.483877369517582,0.340592853860011,1.30221413097655,-1.53849546036383,4.17654416031998,-0.524392585938414
196012,1960-10-01,1.48500166811272,2.30666666666667,0.821664998553949,-4.87165067564632,0.853795126041668,3.04059682262819,-4.56953834312017,-0.566882396495672,0.165768196967502,1.22964658622928,-1.56854990046416,4.04241781458529,-0.407981587675337
196103,1961-01-01,1.53387722006406,2.35,0.816122779935939,2.71055646459644,-0.67179731351974,2.97246018795332,-2.1774537225685,-0.839270953134985,0.00927341173427187,1.19601653071662,-1.64425695793691,4.02187572152318,-0.379893750780632
196106,1961-04-01,1.00545225728088,2.30333333333333,1.29788107605245,7.36724035032736,1.55022185279723,2.98466667360817,-4.62688376294018,-2.98851384529932,-0.15780915304541,1.17394317752751,-1.65935597599908,3.98905579196704,0.123937898524929
196109,1961-07-01,0.986623609935444,2.30333333333333,1.31670972339789,6.61454715635443,2.95517332390798,2.94614874094492,2.84462254174649,-2.13231332172059,0.0331589340659999,1.20195214907725,-1.62780152177702,4.02489618325811,0.114757574320645
196112,1961-10-01,0.652779442597984,2.46,1.80722055740202,8.02587907153338,6.1795557607029,3.12468301329298,3.87093153223645,-0.0221958528814348,0.0953940492988536,1.26053368370612,-1.53558226840343,4.08483274477866,0.546686873696096
196203,1962-01-01,0.909531910204997,2.72333333333333,1.81380142312834,7.14041399416132,7.28702014309413,3.19803145238052,4.09758189167242,1.5465630506788,0.152425100809035,1.28053668008474,-1.48736427401985,4.11020314278583,0.533264743043569
196206,1962-04-01,1.26555530644921,2.71666666666667,1.45111136021746,4.28688442693428,6.51693116224585,3.2843501830647,2.1105025993883,3.23090964126092,0.309382229169337,1.31970733701901,-1.46337462349429,4.07784137045705,0.131404023198418
196209,1962-07-01,1.16270614197442,2.84,1.67729385802558,3.79220134396476,5.81134470914844,3.30708740870461,-2.10374201696411,1.99381850158327,0.224586434851091,1.32101392192946,-1.44405033512612,4.05208649882946,0.356279936096153
196212,1962-10-01,1.34657712886996,2.81333333333333,1.46675620446337,1.54925995523811,4.19218993007462,3.02289907003665,-2.82231195132177,0.320507630693712,-0.0867699107524089,1.22649741729133,-1.54807104319159,3.97257354961198,0.240258787172346
196303,1963-01-01,1.18952921982354,2.90666666666667,1.71713744684313,4.42638242261424,3.51368203718785,2.9491789765962,3.01831915343911,0.0506919461353839,-0.0609665562878714,1.2191108096052,-1.5615304562376,3.93236517254018,0.498026637237913
196306,1963-04-01,0.982986284031906,2.94,1.95701371596809,5.18076687866369,3.7371526501202,3.00095566843949,2.50581803630396,0.1495208053643,0.0154564729538453,1.2445652247964,-1.51864200922498,3.95037891268548,0.712448491171786
196309,1963-07-01,1.19702269406941,3.29333333333333,2.09631063926393,7.7330922989816,4.72237538887441,3.25048164605045,-0.147757612036514,0.638516906596198,0.100086068265295,1.3176227833897,-1.39989668237173,3.9943452982562,0.778687855873614
196312,1963-10-01,1.27207597695564,3.49666666666667,2.22459068971102,2.8446195102461,5.04621527762641,3.47451370029226,2.12379800319873,1.87504439522632,0.319604946147569,1.39729853447997,-1.31008623104524,4.09077024234985,0.827292155231017
196403,1964-01-01,1.46683091795485,3.53,2.06316908204515,8.55922763537649,6.07942658081697,3.7348377899659,4.82189613550936,2.32593864074389,0.502609840262984,1.47769029142919,-1.22776200198072,4.15766864146402,0.585478790615843
196406,1964-04-01,1.55367775268265,3.47666666666667,1.92298891398402,4.72853989849682,5.96636983577525,3.84259016696848,3.55575423743772,2.58842269102733,0.730263743020272,1.53323565521694,-1.12984947307288,4.25217424559007,0.389753258766858
196409,1964-07-01,1.41632018729059,3.49666666666667,2.08034647937608,5.39667189448352,5.38226473465073,3.86470610241714,2.19257294717856,3.17350533083109,0.823338584312063,1.55287244403234,-1.13363666733559,4.26696319433837,0.527474035343616
196412,1964-10-01,1.38228478418498,3.68333333333333,2.30104854914835,1.41586013940582,5.02507489194066,3.70710689237068,2.52350396248566,3.27343182065283,0.81636410862127,1.53095364436182,-1.12525301202786,4.24065518462679,0.770094904786188
196503,1965-01-01,1.22140026359259,3.89,2.66859973640741,9.74566186329042,5.32168344891915,3.66925067119149,4.90393615827038,3.29394182634308,0.755241487633729,1.52890874718171,-1.12695883252893,4.21829923604261,1.13969098922586
196506,1965-04-01,1.49417721305891,3.87333333333333,2.37915612027442,5.43136181249722,5.49738892741924,3.6435666361387,5.17888743591541,3.69972512596251,0.780373839712896,1.53196690054771,-1.10289240349613,4.22687712919821,0.847189219726952
196509,1965-07-01,1.52836311331814,3.86666666666667,2.33830355334852,8.04267038341209,6.15888854965139,3.71105965079922,-0.694236435491291,2.97802278029504,0.612466173758914,1.51841148184897,-1.16869721223832,4.20319355328338,0.819892071499689
196512,1965-10-01,1.49663508955484,4.16666666666667,2.67003157711182,9.32387387933744,8.13589198463429,3.8841587344429,4.13495583597694,3.38088574866786,0.603980212536523,1.54361585395036,-1.13929759935235,4.22771938464094,1.12641572316165
196603,1966-01-01,1.95261743094752,4.61,2.65738256905248,9.75751910011269,8.13885629383986,4.16675789578713,3.95029610474182,3.14247573528572,0.729669852012576,1.61497945263691,-1.01820516700097,4.29177102866259,1.04240311641533
196606,1966-04-01,2.26836796916552,4.58666666666667,2.31829869750115,1.63458482010128,7.18966204574087,4.1255066705305,2.84360656311655,2.55865551708601,0.772997690163946,1.61257413046069,-1.0445007889898,4.27597655775918,0.705724567040472
196609,1966-07-01,2.66302996805345,5.04333333333333,2.38030336527988,2.83932380314553,5.88882540067424,4.20467107299701,0.773706509169614,2.92564125325123,0.833429350790418,1.65035331642204,-1.00765301581507,4.32892227744188,0.729950048857881
196612,1966-10-01,3.12915879100224,5.21,2.08084120899776,3.41477273914848,4.41155011562699,4.12777839299567,-0.896654810377484,1.66773859166263,0.838054009210198,1.62988735206188,-0.983556282675484,4.2984804840083,0.450953856935624
196703,1967-01-01,2.6485169604884,4.51333333333333,1.86481637284493,3.65546597883508,2.88603683530759,4.1549237849759,-0.239857937489774,0.620200081104727,0.83724042400287,1.64683514506741,-0.9933696177876,4.27874474745508,0.21798122777785
196706,1967-04-01,2.30514467258822,3.66,1.35485532741178,0.350742356975786,2.56507621952622,4.18589585897363,-3.97545681221736,-1.08456576272875,0.792689091253296,1.63030976056805,-1.01944085378141,4.26008300430143,-0.275454433156918
196709,1967-07-01,2.45704192579588,4.3,1.84295807420412,3.43821094811148,2.7147980057677,4.17492356612597,2.45918280722179,-0.663196688215706,0.862411506186493,1.65560364133153,-1.01681853069235,4.26652450050254,0.18735443287282
196712,1967-10-01,2.53737098206797,4.75333333333333,2.21596235126537,3.20692610680666,2.66283634768225,4.35813530377289,1.82375818470248,0.0169065605542862,1.14367507134248,1.7320347647767,-0.913147266657366,4.34921369628234,0.483927586488699
196803,1968-01-01,3.29463789427322,5.05,1.75536210572678,8.04143934394617,3.75932968896002,4.82183343064171,0.350243887348967,0.164432016763971,1.42348738863123,1.86011949185819,-0.816952495555669,4.50031026781271,-0.104757386131421
196806,1968-04-01,3.83445324043361,5.52,1.68554675956639,6.69840742999313,5.34624595721436,4.92353022809782,3.07143164424843,1.92615413088042,1.59061542069415,1.9061876500675,-0.822421699531364,4.51216259249883,-0.220640890500926
196809,1968-07-01,3.94652799980011,5.19666666666667,1.25013866686656,2.87069187328655,5.20436618850812,4.76673922122215,2.21243536231768,1.86446726965439,1.57277152649751,1.87002302953447,-0.840616220537103,4.4786064610487,-0.619884362668227
196812,1968-10-01,4.20032519524796,5.58666666666667,1.38634147141871,1.77639517327535,4.8467334551253,4.57993405168615,2.33888753655016,1.99324960761631,1.47795906080731,1.82246966696727,-0.8677575050991,4.41040545793116,-0.436128195548589
196903,1969-01-01,4.12706160783376,6.09333333333333,1.96627172549957,6.1717994310321,4.37932347689678,4.54990109904575,5.70194606281191,3.33117515148205,1.46816111742592,1.82950340081911,-0.895321147564627,4.44066954823597,0.136768324680378
196906,1969-04-01,4.38544848818321,6.19666666666667,1.81121817848346,1.28082561612217,3.02492802342904,4.341663503699,0.836764520123623,2.77250837045084,1.25448730047411,1.76130918372204,-0.90858927454304,4.3728224732887,0.0499089947614783
196909,1969-07-01,4.57784733779198,7.02333333333333,2.44548599554135,2.49578610914867,2.93120158239457,4.42333542904388,1.166172954796,2.51094276857042,1.37732821703629,1.81635211620527,-0.866084240013081,4.43183517863026,0.629133879336056
196912,1969-10-01,4.62385712605156,7.35333333333333,2.72947620728178,-1.74988418667468,2.04963174240707,4.34034746318622,-1.94947464264672,1.4388522237712,1.3377538329468,1.79783317730997,-0.835103324485683,4.37669944591816,0.931643029971727
197003,1970-01-01,4.7971648216723,7.21,2.4128351783277,-0.709529772468187,0.329299441531994,4.10228606330346,-2.10230590611431,-0.512210768460353,1.31239367269423,1.75075619059093,-0.894070966510337,4.34989921844692,0.662078987736624
197006,1970-04-01,4.62691383672387,6.67666666666667,2.0497528299428,0.707154604005922,0.185881688502931,4.15798583627712,-3.93642540815193,-1.70550825052924,1.1147308423475,1.71895297420603,-0.9124274413712,4.29927280764173,0.33079985573673
197009,1970-07-01,4.3729621624697,6.32666666666667,1.95370450419697,3.52781982893831,0.443890118450341,4.22131280020279,-2.67430017044958,-2.66562653184064,1.06237782690047,1.7156319282443,-0.945484642864961,4.26255254992497,0.23807257595263
197012,1970-10-01,4.51050814907701,5.35333333333333,0.842825184256325,-4.13564772350128,-0.15255076575631,4.23971287400642,-3.84908688002135,-3.14052959118429,1.08038911347794,1.7162642873344,-0.912496372377389,4.2496437761835,-0.873439103078073
197103,1971-01-01,4.30312848045542,3.84,-0.463128480455421,10.5694413420785,2.66719201288037,4.43618499594347,1.93222321090509,-2.13189731192944,1.18313103681478,1.74663740169811,-0.917370121801359,4.24825914104959,-2.2097658821537
197106,1971-04-01,4.33461648232667,4.25,-0.0846164823266697,2.27625889805054,3.05946808639153,4.30891045963655,2.34765301079811,-0.560877707191931,1.35749445615824,1.75278411867378,-0.864207051612172,4.27059364878203,-1.83740060100056
197109,1971-07-01,4.34642346375411,5.01,0.663576536245888,3.11515084967553,2.95630084157583,4.22142555196958,-1.08696544119802,-0.16404402487904,1.25920475658463,1.74160275932891,-0.891217210356147,4.28687068157399,-1.078026223083
197112,1971-10-01,3.67701193989269,4.23,0.552988060107307,1.16655410349651,4.28185129832528,4.04994242776866,4.04141619292666,1.80858174335796,1.26346687310188,1.70467073261943,-0.889260038292055,4.24976665455754,-1.15168267251182
197203,1972-01-01,3.78598611574836,3.43666666666667,-0.349319449081697,7.11344301963521,3.41785171771445,4.0492681534055,5.30997124116759,2.65301875092359,1.29377660683926,1.70141781386956,-0.916975561901606,4.2118869012744,-2.05073726295121
197206,1972-04-01,3.23046702895917,3.77,0.539532971040828,9.15722422588559,5.13809304967321,4.17102664837929,1.97911669581607,2.56088467217808,1.29049195924996,1.73113863312485,-0.909386187824314,4.25658881258115,-1.19160566208333
197209,1972-07-01,3.12637121850208,4.22,1.09362878149792,3.66951284479526,5.27668354845314,4.16795943590005,3.07363177518027,3.60103397627265,1.41992630405356,1.76256094296054,-0.854743073589792,4.29365719222916,-0.668932161462526
197212,1972-10-01,3.3183114243768,4.86333333333333,1.54502190895654,6.58789467327949,6.63201869089889,4.29392530385108,3.5969995098899,3.48992980551346,1.58040909058386,1.81402659551058,-0.77185577341478,4.32865730209699,-0.269004686554353
197303,1973-01-01,3.46818992707938,5.7,2.23181007292062,9.72804208811624,7.28566845801915,4.42646679548863,5.33556819680641,3.49632904442316,1.63834031666804,1.85102171309884,-0.737165018686283,4.35289394086932,0.380788359821546
197306,1973-04-01,4.79613753139554,6.60333333333333,1.80719580193779,4.50952594969181,6.1237438889707,4.40968577226434,4.27909200003178,4.07132287047709,1.68267216576123,1.85684034094379,-0.727530323346246,4.34681174333935,-0.0496445390061837
197309,1973-07-01,5.72411895867022,8.32333333333333,2.59921437466311,-2.17951734243798,4.66148634216239,4.16187053122885,2.28053047162255,3.87304754458766,1.74337936785271,1.83869235423446,-0.743115990562724,4.32225681067274,0.760522020428585
197312,1973-10-01,6.93951279596061,7.5,0.560487204039388,3.71240180786145,3.94261312580788,4.18356508866923,2.35736618672959,3.56313921379758,1.74921857244098,1.81816523594886,-0.80585200518191,4.29640066839448,-1.25767803191002
197403,1974-01-01,8.66597595457819,7.61666666666667,-1.04930928791152,-3.33644689846508,0.67649087916255,3.88617322532319,-0.0336591728459013,2.22083237138451,1.6278296897321,1.71879849755365,-0.872694971508116,4.17668009557372,-2.76810778546487
197406,1974-04-01,9.55151806190169,8.15333333333333,-1.39818472856835,1.05019386415464,-0.188342142221742,3.79421457446464,-0.786185849046106,0.954512909115035,1.51928118757001,1.68390317726633,-0.893809229050433,4.12989187567603,-3.0820879058349
197409,1974-07-01,10.4140259252597,8.19,-2.22402592525969,-3.8917067329308,-0.616389489844948,3.56200510877928,-2.24349173969536,-0.176492643714443,1.40837957039816,1.61081039913151,-0.968728488583735,4.0682796877337,-3.83483632439105
197412,1974-10-01,10.9000275598321,7.36,-3.5400275598321,-1.60308043154842,-1.94526004969742,3.48653159450542,-5.98560356352422,-2.2622350812779,1.19565188224791,1.54056947285857,-1.03415949228436,3.97571419248134,-5.08059703269075
197503,1975-01-01,9.84141121777116,5.75,-4.09141121777116,-4.86198438067262,-2.3266444202493,3.12134043840635,-12.904062691879,-5.47983596103618,0.750451910994174,1.40154076961028,-1.17586427083678,3.81761141851235,-5.49295198738135
197506,1975-04-01,8.27409021326369,5.39333333333333,-2.88075687993035,3.07001615433933,-1.82168884770313,3.0623067969524,-3.27270766339858,-6.1014664146243,0.539162033511325,1.37128946942173,-1.1591590970339,3.75091823001193,-4.25204634935169
197509,1975-07-01,7.46420175602731,6.33,-1.13420175602731,6.55638790890762,0.790334812756477,3.02514973508979,4.08376075590624,-4.5196532907239,0.658611963296263,1.41162064328982,-1.13417189101931,3.81166116630443,-2.54582239931692
197512,1975-10-01,6.61372379289906,5.62666666666667,-0.987057126232395,5.35664429142528,2.5302659934999,2.92596899539198,5.70175756912796,-1.59781300756086,0.697782006625038,1.40908418928356,-1.14562205284734,3.82472889689066,-2.396141315516
197603,1976-01-01,5.84217598531143,4.91666666666667,-0.925509318644759,8.93220807268662,5.97881410683971,2.90533621970633,5.75382915055869,3.06665995304858,0.74287033277046,1.4128173438019,-1.11451876101268,3.82078213756924,-2.33832666244671
197606,1976-04-01,5.44883534679088,5.15666666666667,-0.292168680124215,3.01092995650478,5.96404255738108,2.93974484811642,0.895548466736074,4.10872398558224,0.694168880360948,1.42537675667637,-1.09997661093405,3.81546876380757,-1.71754543680029
197609,1976-07-01,5.09581869797668,5.15,0.0541813020233164,2.02870241980477,4.83212118510536,2.9194793135329,1.85360324836878,3.55118460869788,0.721166298840927,1.42918920701016,-1.09185639213608,3.8297573288635,-1.37500790498662
197612,1976-10-01,4.99855898710506,4.67333333333333,-0.325225653771729,2.99109675530644,4.24073430107565,2.90888741393685,0.872335767261845,2.34382915823135,0.765391063281911,1.42775291419346,-1.11420147950918,3.84863276508499,-1.75297856796546
197703,1977-01-01,5.67496733850321,4.63,-1.04496733850321,4.62718904806536,3.16447954492034,2.93318049066761,3.98954925857637,1.90275918523577,0.871126243183564,1.4441331557913,-1.07884260034501,3.86770830343478,-2.48910049429399
197706,1977-04-01,6.54125635471665,4.84,-1.70125635471665,7.77453904760179,4.35538181769459,3.11877540793326,8.8777290756898,3.8983043374742,1.19245589038124,1.52801171475822,-1.02469944400732,3.95883903053675,-3.22926806947489
197709,1977-07-01,6.53697831024829,5.49666666666667,-1.04031164358162,7.01470205027093,5.60188172531113,3.20818768548724,3.11486552574536,4.21361990681834,1.20884795834433,1.56659391515207,-0.986746555296117,4.01091434100514,-2.60690555873394
197712,1977-10-01,6.39464693358209,6.11,-0.284646933582093,0.0420079955162578,4.86460953536358,3.12906473270498,4.04536064453573,5.00687612613682,1.26438801984016,1.57329987435387,-0.99377025895331,4.04819894643268,-1.85794680793516
197803,1978-01-01,6.26960491109152,6.39333333333333,0.123728422241814,1.38935841778576,4.05515187779368,2.96276270955097,2.06942195052378,4.52684429912367,1.30736747141953,1.56351698330736,-0.989833007278294,4.00366417719984,-1.4397885610655
197806,1978-04-01,6.6134131243448,6.47666666666667,-0.136746457678136,15.2574456565446,5.92587853002939,3.17673866521476,11.1864559310774,5.10402601297058,1.51024307859026,1.64111953818105,-0.915508295351424,4.08856542013698,-1.77786599585967
197809,1978-07-01,6.85925288296869,7.31333333333333,0.454080450364642,3.8926558350127,5.14536697621484,3.20228776425791,3.24125081290916,5.13562233476152,1.53596346485505,1.65715224922132,-0.905961936548605,4.0915251593171,-1.2030717988561
197812,1978-10-01,7.307402292603,8.57,1.262597707397,5.32924980972496,6.46717742976701,3.29110913016915,4.31721170656516,5.20358510026888,1.58542156910542,1.7013163109879,-0.864514452252448,4.10095073521341,-0.438718603591289
197903,1979-01-01,7.51447635654827,9.38333333333333,1.86885697678506,0.793942251727486,6.31832338825244,3.15666270068654,2.78268230483114,5.38190018884572,1.5124399751559,1.6777666390872,-0.842138360392043,4.08407637732111,0.191090337697301
197906,1979-04-01,8.16286980260741,9.37666666666667,1.21379686405926,0.483956872042768,2.62495119212698,3.13674098208455,1.2034071592808,2.88613799589656,1.52160604113483,1.66625346258769,-0.85110057902771,4.04657898082472,-0.45245659852785
197909,1979-07-01,8.86032831145469,9.67333333333333,0.813005021878643,2.8619128774757,2.36726545274273,3.14589415129273,3.30597156198209,2.9023181831648,1.57510100631448,1.67449087184447,-0.835685772350713,4.05975639745454,-0.861485849965525
197912,1979-10-01,9.37534823565085,11.8433333333333,2.46798509768248,1.03419714089341,1.29350228553484,3.21549618448193,1.36610949490077,2.1645426302487,1.65799060975317,1.7346076851452,-0.808337041465853,4.07030525816179,0.733377412537147
198003,1980-01-01,10.4646560955766,13.3533333333333,2.88867723775677,1.29178686545757,1.41796343896736,3.26552910043008,-1.91183974630285,0.990912117465204,1.66275226374846,1.75670323569671,-0.776499124718346,4.10219658005536,1.13197400205975
198006,1980-04-01,10.189173310567,9.61666666666667,-0.572506643900345,-8.19593464801116,-0.75200944104612,3.04295186912965,-6.80804567767765,-1.01195109177441,1.59096175701031,1.65378846758457,-0.849397842636597,4.01180755833943,-2.22629511148514
198009,1980-07-01,10.0534093873582,9.15333333333333,-0.90007605402486,-0.606537488228298,-1.61912203247212,2.93959293620048,-1.49434641633874,-2.21203058635462,1.62046060086309,1.64375420998367,-0.896785363393146,3.95919267612256,-2.54383026400839
198012,1980-10-01,10.1059541898156,13.6133333333333,3.50737914351774,7.34521118902904,-0.0413685204382119,3.22661440901374,5.03777243289392,-1.29411485185633,1.84263208368597,1.79329702124838,-0.758371051266336,4.17835635532292,1.71408212226876
198103,1981-01-01,9.71957622277224,14.39,4.67042377722776,8.19350695292087,1.68406150142761,3.1672160492848,2.16077957430265,-0.275960021704957,1.84834599277091,1.80776098968171,-0.737376819165461,4.11352792935219,2.86266278754545
198106,1981-04-01,8.96058029857008,14.9066666666667,5.94608636809659,-2.93169388122934,3.00012169312307,3.0370172298028,-0.659706072935506,1.26112487948058,1.77316201567757,1.80811833850358,-0.749232179436903,4.13629309528268,4.13796802959378
198109,1981-07-01,8.28036698500991,15.0533333333333,6.77296634832342,4.56386991715121,4.29272354446795,3.0732352064897,0.167566918140238,1.67660321310033,1.80452532466102,1.8317941810293,-0.720539123752392,4.14920632961139,4.9411721672942
198112,1981-10-01,7.35194536822918,11.75,4.39805463177082,-4.69396014637766,1.28293071061627,2.92672235024284,-1.34759880063271,0.0802604047186684,1.66979994982204,1.749934197609,-0.796713523282818,4.05963324058045,2.64812043416194
198203,1982-01-01,6.04064969844069,12.8133333333333,6.77268363489264,-6.74767342926899,-2.45236438493119,2.58019443902024,-6.58421491319174,-2.10598821715493,1.37244529596305,1.68398662528622,-0.879220358665373,4.00883776643204,5.08869700960596
198206,1982-04-01,5.33656539401486,12.42,7.08343460598514,2.17318377449516,-1.17614497100007,2.40559342773548,0.998183876008341,-1.69151572991897,1.34792197546786,1.65104277760712,-0.935035986313589,3.96474972242728,5.43239182837732
198209,1982-07-01,5.27429834582365,9.31666666666667,4.04236832084302,-1.44322170635789,-2.67791787687734,2.27777506395665,-2.54952865307381,-2.37078962272248,1.20734296476151,1.56417091078296,-1.01045865465486,3.87389504600786,2.47819741006016
198212,1982-10-01,4.86891807461634,7.90666666666667,3.03774859205033,0.390017602646253,-1.40692343962137,2.12282813719082,-3.66086281959532,-2.94910562746313,1.02589640652438,1.48701836187751,-1.06143526842755,3.82932472516337,1.5507302301727
198303,1983-01-01,4.48121170993931,8.10666666666667,3.62545495672735,5.2051857496977,1.58129135512031,2.00975672873035,2.10869669671965,-0.775877724985286,0.945224619022209,1.45609761857318,-1.0795472829469,3.78623857264543,2.16935733815424
198306,1983-04-01,4.44928105903739,8.39666666666667,3.94738560762928,9.02529122697331,3.29431821823984,2.12265086066239,4.02420493010567,-0.0193724614609536,0.938852442274056,1.49886786529418,-1.06200843795744,3.78786457106011,2.4485177423352
198309,1983-07-01,4.19422308368933,9.14,4.94577691631067,7.75602776734488,5.59413058666554,2.37103948840696,7.92895253123689,2.60024783461672,1.08006299376441,1.57487464251139,-0.933090653138376,3.86938777231986,3.37090227379925
198312,1983-10-01,3.74954991513867,8.8,5.05045008486133,8.16487679632587,7.53784538508544,2.48235136311857,6.35655834250599,5.10460312514205,1.18004279765882,1.61706338553922,-0.886530452094422,3.8988621363598,3.43338669932219
198403,1984-01-01,3.95948685930683,9.17,5.21051314069317,7.86941823236447,8.20390350575213,2.76249799138931,7.71210539074154,6.50545529864752,1.37368691174851,1.70688298514298,-0.837821056187908,3.98016250218138,3.50363015555029
198406,1984-04-01,4.00588271428068,9.79666666666667,5.79078395238598,6.96436950786108,7.68867307597407,2.91035238248197,5.07772104752142,6.76883432800146,1.5202845841627,1.7637025955872,-0.758227498962453,4.03974148566691,4.02708135679884
198409,1984-07-01,3.468541533526,10.32,6.851458466474,3.91596843169495,6.72865824206159,3.10554426159761,1.91708277321077,5.26586688849493,1.62429894698535,1.82278957396565,-0.730155359200727,4.13087362841045,5.02866889250796
198412,1984-10-01,3.42862009934009,8.80333333333333,5.37471323399325,3.17786053096754,5.48190417572201,3.22506778566051,2.2807919964773,4.24692530198776,1.83095883598539,1.86037231185541,-0.720730858114541,4.16197084351849,3.51434092213741
198503,1985-01-01,3.54643656583362,8.18333333333333,4.63689676749971,3.95688180157947,4.50377006802576,3.44553944021682,3.06522204394604,3.08520446528888,2.23019095438102,1.95988176562995,-0.660230970753734,4.21743795061341,2.67701500186921
198506,1985-04-01,3.42031220123244,7.46,4.03968779876756,3.6453024849628,3.67400331230119,3.4599215984824,2.08082567096319,2.33598062114933,2.36402928774006,1.97340788796427,-0.650223625015266,4.22634674105418,2.06627991080322
198509,1985-07-01,3.44250330386382,7.10666666666667,3.66416336280285,6.17491590720505,4.23874018117871,3.45038479843984,0.523230195691937,1.98751747676962,2.2750160237347,1.94408806918945,-0.651754329778383,4.21193595812987,1.72007529361363
198512,1985-10-01,3.50478957198481,7.16666666666667,3.66187709468185,2.98953357436247,4.19165844202745,3.39120703051327,1.50459194949946,1.79346746502516,2.17008688324399,1.92405104953323,-0.688009624780102,4.18892502542461,1.73782604514866
198603,1986-01-01,3.02948632713393,6.89666666666667,3.86718033953273,3.69035238834527,4.1250260887189,3.26016063840473,0.140765767218554,1.06235339584329,2.02976029866049,1.88482701422372,-0.73188673896245,4.14314903778551,1.98235332530912
198606,1986-04-01,2.06972446032125,6.14,4.07027553967875,1.83205190417084,3.67171344352091,3.23068868709639,-0.929970828928717,0.309654270870308,1.98412231626887,1.87359006258698,-0.719091154648423,4.1254407385842,2.19668547709173
198609,1986-07-01,1.78287437848716,5.52333333333333,3.74045895484617,4.0061414883624,3.12951983881025,3.28012466381033,2.15722429182712,0.718152794904103,1.99171284235533,1.86918357705938,-0.73301123148872,4.13647477302122,1.87127537778686
198612,1986-10-01,1.69308339188019,5.35333333333333,3.66024994145314,2.0656687952588,2.89855364403433,3.25698896480914,2.93570749255778,1.07593168066868,2.04329713548772,1.8813934508752,-0.729035847700963,4.12539296161057,1.77885649057809
198703,1987-01-01,1.91262270113874,5.53666666666667,3.62404396552792,2.78718608074442,2.67276206713412,3.21098889062611,4.59769870977631,2.19016491630812,2.05850087176772,1.86830945060274,-0.734341576557026,4.13344093107595,1.75573451492567
198706,1987-04-01,2.97983602948566,5.65666666666667,2.67683063718101,4.46506198100138,3.33101458634175,3.1282519639611,2.47993290527155,3.04264084985819,1.89855596750727,1.80865892037558,-0.759950011565675,4.08639684308244,0.868171716805108
198709,1987-07-01,3.40641868569449,6.04333333333333,2.63691464763884,3.6114830642525,3.23234998031428,3.04317148931064,2.50545048033359,3.12969739698481,1.88332059137197,1.78939873122557,-0.770406633199117,4.08936113872343,0.84751591641332
198712,1987-10-01,3.68641428037551,5.86333333333333,2.17691905295783,6.54828437154578,4.35300387438602,3.20582839871138,4.0499596199016,3.40826042882076,1.88343556575612,1.79459823922366,-0.76951889833725,4.09090645492687,0.382320813734133
198803,1988-01-01,3.52869067951014,5.72333333333333,2.1946426538232,2.2432463389535,4.21701893893829,3.22717559674057,0.269142790399002,2.32612144897644,1.838428586753,1.79612016569038,-0.763013714858635,4.10692585871708,0.398522488132682
198806,1988-04-01,3.68178281906921,6.21,2.52821718093079,5.2505174369557,4.41338280292687,2.97700239125085,5.4778904811176,3.07561084293795,1.695714450504,1.72933778129932,-0.809511054514876,4.05811968310069,0.798879399631499
198809,1988-07-01,3.97153383116002,7.01,3.03846616883998,2.30222955946573,4.08606942673018,2.93724173436217,0.782143520619272,2.64478410300937,1.63423676819676,1.71320327107987,-0.829015048502422,4.05896674459124,1.32526289776017
198812,1988-10-01,4.09496677616055,7.72666666666667,3.63169989050612,5.26360422480465,3.7648993900449,2.93560059473917,4.60864930939948,2.78445652538384,1.64152270826762,1.72137633961625,-0.794152911826554,4.06878758736993,1.91032355088994
198903,1989-01-01,4.43306922567821,8.54,4.10693077432179,4.01474064471188,4.20777296648449,3.01612055456378,3.70095489195812,3.64240955077362,1.66447952294579,1.73967967714776,-0.776761755908956,4.08288973222846,2.36725109717448
198906,1989-04-01,4.65507572719712,8.41,3.75492427280288,3.13307697103866,3.67841285000523,3.08234855703867,1.06655790808183,2.53957640751468,1.66105829166582,1.75145885233051,-0.753981576850322,4.10423741539111,2.0034654204722
198909,1989-07-01,3.99867847682991,7.84333333333333,3.84465485650342,2.97491109799424,3.84658323463736,3.08517351255164,1.467796779826,2.71098972231636,1.61510392211191,1.73993006186162,-0.79949630633495,4.05790974630161,2.10472479464188
198912,1989-10-01,3.7800888057725,7.65333333333333,3.87324452756084,0.845435846257203,2.7420411400005,3.08045448018573,0.0171856371064649,1.56312380424311,1.58138082566706,1.73239191112285,-0.79386103675285,4.04102235294587,2.1408526164375
199003,1990-01-01,4.08272277249386,7.76,3.67727722750614,4.35570052782595,2.82728111077901,3.15705232174494,0.485189438993316,0.759182441001904,1.64130655529946,1.74388027197705,-0.799761626258408,4.10968503106058,1.93339695552889
199006,1990-04-01,3.65596350532806,7.74666666666667,4.0907031613386,1.54379255191657,2.42996000599849,3.40054550174314,-1.97017185592578,0,1.76225340084326,1.81079151737597,-0.786023758970855,4.1352401467169,2.27991164396268
199009,1990-07-01,4.3363823727657,7.47666666666667,3.14028429390097,0.0987661362742642,1.7109237655685,3.4181780923557,-2.50030553793863,-0.992025579441158,1.73710442280326,1.79670383904246,-0.81011719701114,4.11985825143882,1.34358045485873
199012,1990-10-01,4.86176296921386,6.99,2.12823703078614,-3.42434293626894,0.643479069936959,3.14893923922325,-1.11241543908136,-1.27442584848811,1.58334972600388,1.7030363052891,-0.908453048127909,4.02218826160209,0.425200725496892
199103,1991-01-01,3.93994307823187,6.02333333333333,2.08339025510147,-1.88147183929743,-0.915814021843886,2.89706476941779,-4.04984817652299,-2.40818525236719,1.42808403223324,1.626942168261,-0.926016082922948,3.95069436718904,0.456448086840422
199106,1991-04-01,3.57601857908865,5.56,1.98398142091135,3.09225227959118,-0.528699089925233,3.0476634234383,-2.37190568146204,-2.50861870875125,1.38527904202007,1.63756772681751,-0.947274038474455,3.94843578327574,0.346413694093208
199109,1991-07-01,3.00370589905246,5.37666666666667,2.37296076761421,1.91545317465156,-0.0745273303309091,2.98145300487581,-0.362755640385259,-1.97423123436291,1.37202097805694,1.61891131158409,-0.956146748108752,3.95791984679947,0.754049456030053
199112,1991-10-01,2.41540610252535,4.54,2.12459389747465,1.74247967631018,1.21717832281387,3.14236400044301,-0.855103530628298,-1.90990325724965,1.38433335980705,1.63923831759651,-0.944591193362576,3.960270443484,0.485355579879229
199203,1992-01-01,2.53463032484031,3.89333333333333,1.35870300849302,4.69727815392531,2.86186582111956,3.42848779002287,-2.57186967715057,-1.54040863240654,1.48464199070808,1.6869121857571,-0.879365415509236,4.00991884203735,-0.328209177264022
199206,1992-04-01,2.66602821848547,3.68,1.01397178151453,4.38649488586336,3.1854264726876,3.48382056780707,2.07480429569671,-0.428731138116856,1.51155750120028,1.68993678027926,-0.886278998998757,4.0552135103463,-0.675964998764566
199209,1992-07-01,2.62555198549581,3.08333333333333,0.457781347837523,3.86966150069554,3.6739785541986,3.61664264798341,0.505935937859903,-0.211558243555565,1.58794411597363,1.70894103299664,-0.87645912688485,4.043535136048,-1.25115968515874
199212,1992-10-01,2.61216210066095,3.07,0.457837899339047,3.98812346730679,4.23538950194775,3.70659529459992,2.49808758257188,0.62673953474448,1.74191787602781,1.75452837784569,-0.819221834590821,4.15462055792314,-1.29669047850694
199303,1993-01-01,2.5908835191923,2.96,0.3691164808077,0.745043135714951,3.24733074739516,3.59509172925035,2.87662019646646,1.98886200314874,1.76111596352148,1.72874963478175,-0.855267591616729,4.08636205559877,-1.35963315397404
199306,1993-04-01,2.60135079240458,2.96666666666667,0.365315874262089,2.37158938801656,2.74360437293346,3.42874918327643,4.36525437566999,2.56147452314206,1.76964219966059,1.69357753565349,-0.886118599370807,4.08901086466973,-1.32826166139162
199309,1993-07-01,2.40194141192918,3.00333333333333,0.601391921404157,1.94591239089021,2.26266709548213,3.28349629886507,2.24883375963678,2.99719897858628,1.62763923037058,1.63540811487928,-0.904482489532134,4.03962782739124,-1.03401619347533
199312,1993-10-01,2.27260728710101,3.06,0.787392712898986,5.30447903256075,2.59175598679562,3.21198635477094,3.64626305753717,3.2842428473276,1.55988184824636,1.6057573953429,-0.911010228409767,3.99657938025574,-0.818364682444013
199403,1994-01-01,2.03478756841742,3.24333333333333,1.20854576491592,3.90266508799542,3.38116147486573,3.11281752616171,3.69362718796857,3.48849459520313,1.45941989317704,1.57753928300738,-0.932738526697247,3.89981104995054,-0.368993518091894
199406,1994-04-01,1.91715891853992,3.98666666666667,2.06950774812675,5.42977760135201,4.1457085281996,3.07445272849899,7.04572476911842,4.15861219356524,1.50861998621696,1.59120619638055,-0.899848025623067,3.91161930649431,0.478301551746373
199409,1994-07-01,2.19210960825293,4.47666666666667,2.28455705841373,2.35189155825068,4.24720332003972,3.03535080666288,4.30338155158374,4.67224914155198,1.56827745567629,1.58757780795714,-0.908956727084449,3.90389134055455,0.696979250456268
199412,1994-10-01,2.08919040067066,5.28,3.19080959932934,4.51633542816055,4.05016741893967,3.06881267909271,1.76246045505906,4.20129849093245,1.55531916714083,1.59834457437537,-0.886967181027222,3.92880985278796,1.59246502495401
199503,1995-01-01,2.21213037278378,5.73666666666667,3.52453629388288,1.36488833482389,3.41572323064678,3.00401284242382,1.9338491203083,3.76135397401738,1.52703484404989,1.57681380026145,-0.901270770708503,3.87834837156511,1.9477224936213
199506,1995-04-01,2.220137038967,5.59666666666667,3.37652962769967,1.39518177964391,2.40707427521976,2.94775982479084,-0.0895501128205467,1.97753525353264,1.47277544945529,1.5524640189022,-0.979455180526649,3.86250887410228,1.82406560879736
199509,1995-07-01,1.90972796873234,5.36666666666667,3.45693869793432,3.40961001155833,2.67150388854667,2.87862717739968,3.95764090931792,1.89110009296618,1.55863571729594,1.54865090039409,-0.95393756765959,3.90763672001046,1.90828779754028
199512,1995-10-01,1.88005493744559,5.26,3.37994506255441,2.82964328228488,2.24983085207775,2.87462992009774,0.740987053342579,1.63573174253706,1.53954559489202,1.53723914364022,-0.943802379508132,3.86468023299861,1.84270591891431
199603,1996-01-01,1.96178217362402,4.93,2.96821782637598,2.61543175006764,2.56246670588869,2.84775690414079,0.739616936515475,1.33717369658886,1.55451687412445,1.51845873804214,-0.967351738608243,3.89060637246582,1.44975908833391
199606,1996-04-01,2.05674348071279,5.02,2.96325651928721,6.9237247059462,3.94460243746426,2.97504872418518,3.47471883878328,2.22824093448981,1.66463411581725,1.55101075896047,-0.945778635554189,3.89639776869693,1.41224576032653
199609,1996-07-01,2.08360626068025,5.09666666666667,3.01306040598642,3.68307677564985,4.01296912848714,2.96697210636736,2.9590099735902,1.97858320055788,1.68467875786132,1.53845972698222,-0.934667218771071,3.94091458262581,1.47460067900426
199612,1996-10-01,2.31805980871531,4.97666666666667,2.65860685795136,4.20409625271532,4.35658237109475,3.02043279280378,4.37442028256037,2.88694150786233,1.72064657761139,1.54455407195384,-0.969905534050361,3.90350791372715,1.11405278599755
199703,1997-01-01,2.19819065339122,5.06,2.86180934660878,3.03716237908986,4.46201502835031,3.02668220026241,3.5994736706737,3.60190569140189,1.69569095163382,1.53401135737041,-0.979385010771682,3.91939672903013,1.32779798923851
199706,1997-04-01,1.78663369222427,5.04666666666667,3.2600329744424,5.9892544132687,4.22839745518093,3.0647870110691,1.73559541918245,3.16712483650168,1.67708251448159,1.53652435562533,-0.962028873020835,3.91809451878058,1.72350861881717
199709,1997-07-01,1.61595145237063,5.04666666666667,3.43071521429603,5.06111216629819,4.57290630284302,3.10102773862024,2.00835310236975,2.92946061869657,1.6646550800325,1.54226783896381,-0.988450389221757,3.92468527676553,1.88844737533251
199712,1997-10-01,1.25222688924378,5.09,3.83777311075622,3.09179217348401,4.29483028303519,3.01461543366869,1.43658362806143,2.19500145507183,1.59932068023649,1.50338079287377,-0.979359546126559,3.98416695467585,2.33439231788216
199803,1998-01-01,0.80668639054986,5.05333333333333,4.24664694278347,3.93822077598571,4.52009488225915,3.0569897945945,2.35628975829627,1.88420547697747,1.65149935443393,1.52367738978038,-0.994184970777488,3.97232192442249,2.72296955300277
199806,1998-04-01,0.738313959959047,4.97666666666667,4.23835270670762,3.8607399165322,3.98796625807503,3.02224535658391,2.32737302189356,2.03214987765525,1.57273641795332,1.49264013319673,-1.01764992399702,3.93513423817176,2.74571257351036
199809,1998-07-01,0.785586778244074,4.82333333333333,4.03774655508926,5.19886981039406,4.02240566909899,3.09466136285712,0.306022711610154,1.60656727996535,1.5608333977281,1.48236428653172,-0.978905885246538,4.00707132136308,2.55538226855719
199812,1998-10-01,0.728343234069051,4.25333333333333,3.52499009926428,6.51281665586225,4.87766178969355,3.12589167363356,4.54753045084075,2.38430398566019,1.55930542626413,1.46401785073705,-0.962574506895528,3.95207540328561,2.06097224852647
199903,1999-01-01,0.994320459417164,4.40666666666667,3.4123462072495,3.18131787158009,4.68843606359215,3.10505610430527,-1.26406044031881,1.47921643600641,1.4351800429572,1.44685133024591,-0.996041794983638,3.91675366652728,1.96549487700388
199906,1999-04-01,1.34967581348056,4.45333333333333,3.10365751985278,3.28530600865875,4.54457758662379,3.10886183024577,2.40873471455814,1.49955685917256,1.46873446311911,1.43304891286063,-1.01230845608526,3.89210175998172,1.67060860699201
199909,1999-07-01,1.57216777991351,4.65,3.07783222008649,5.00267386548714,4.49552860039706,3.15955589943309,2.41652205619438,2.02718169531861,1.49245259502832,1.44448578483164,-0.957673586146995,3.85621617164781,1.633346435255
199912,1999-10-01,1.91032138656233,5.04333333333333,3.133011946771,6.88370118468242,4.5882497326021,3.31051253289372,1.97137481290213,1.38314278583396,1.54130732442321,1.47224720877817,-0.928939207498551,3.93322583517849,1.66076473799269
200003,2000-01-01,2.48300357447722,5.52,3.03699642552278,1.15901144480972,4.08267312590951,3.23059530581832,2.21814743960778,2.25369475581561,1.58463127443857,1.44434711426425,-0.919840529628607,3.89562229327351,1.59264931125841
200006,2000-04-01,2.40600680798915,5.71333333333333,3.30732652534419,7.48462068847573,5.13250179586375,3.37911600923229,0.439230658508194,1.76131874180312,1.64486633729942,1.46746004000509,-0.904227109742754,3.96458161344911,1.83986648533865
200009,2000-07-01,2.49915341256948,6.01666666666667,3.51751325409719,0.480821524197239,4.00203871054128,3.38866739393037,0.266962895668854,1.22392895167174,1.71404804813961,1.47407607842808,-0.890612258037427,3.9416723814374,2.04343717566912
200012,2000-10-01,2.45915186333923,6.01666666666667,3.55751480332744,2.2671618514039,2.84790387722165,3.53095501362219,-2.29510629476195,0.157308674755718,1.6844807767476,1.48552750669646,-0.859337669589386,3.96142183929968,2.07198729663098
200103,2001-01-01,2.2909969422523,4.81666666666667,2.52566972441437,-1.13906137487305,2.27338567230095,3.5495152752328,-0.228029208624747,-0.454235487302412,1.78002625094505,1.4672155537963,-0.888006636671379,3.93850259781184,1.05845417061813
200106,2001-04-01,2.31134974307281,3.66,1.34865025692719,2.11473536262261,0.930914340837674,3.52507735230859,-4.32768549824445,-1.64596452649057,1.73113175552549,1.43225285982269,-0.895473291221383,3.93395044132217,-0.0836026028953073
200109,2001-07-01,1.76833731177881,3.17,1.40166268822119,-1.26702555847942,0.49395257016851,3.44551538398031,-4.40134011522986,-2.81304027921525,1.63016714365438,1.39565732623198,-0.977991248325471,3.89398035967179,0.0060053619892005
200112,2001-10-01,1.28246901127067,1.90666666666667,0.624197655395996,1.10857151885924,0.204304987032344,3.42966768004404,-4.27924772300976,-3.3090756362772,1.54456353884484,1.35906993759474,-1.03101744183418,3.89423925472271,-0.734872282198764
200203,2002-01-01,0.801795145253337,1.72,0.918204854746663,3.66631108555922,1.40564810214041,3.40389350333488,-3.27806563758308,-4.07158474351679,1.52690863983403,1.33947041496342,-1.01929138577446,3.87760338500494,-0.421265560216974
200206,2002-04-01,1.09279167950254,1.71333333333333,0.620541653830797,2.20084660924371,1.42717591379569,3.34925229641939,0.91475852839551,-2.7609737368568,1.4979074956515,1.30712683945479,-1.02456060669755,3.86727802556229,-0.686585185623353
200209,2002-07-01,1.52040821318344,1.64333333333333,0.122925120149889,1.94259520859248,2.22958110556366,3.30107563911682,-1.4247157016392,-2.01681763345913,1.44964120466402,1.27068494764216,-1.09489419327394,3.80700188305491,-1.14775982749227
200212,2002-10-01,1.91187068454566,1.33333333333333,-0.578537351212325,0.25453915696616,2.01607301509039,3.2077360313583,0.613402972532029,-0.793654959573686,1.40252408941302,1.22418708228632,-1.14669467359947,3.80006930307619,-1.80272443349704
200303,2003-01-01,2.43217203609012,1.15666666666667,-1.27550536942345,2.06663347475953,1.61615361239047,3.24077578983442,-2.28586320109372,-0.545604350451345,1.27346200447402,1.18828386560728,-1.18996070673526,3.80947124184572,-2.46378923503063
200306,2003-04-01,1.74960569784011,1.04,-0.709605697840106,3.69460086805589,1.98959217709351,3.2738510768354,-1.90781831920113,-1.2512485623505,1.11663518710224,1.16623772337327,-1.1692969336125,3.76921937039575,-1.87584342121242
200309,2003-07-01,1.85565656740998,0.93,-0.92565656740998,6.64362418237872,3.16484942054007,3.39129387162261,1.24844890864644,-0.582957409779095,1.09162556582748,1.16299973032249,-1.18296098230596,3.73518033276323,-2.08865629773192
200312,2003-10-01,1.80302658155362,0.916666666666667,-0.886359914886957,4.64977127119397,4.26365744909702,3.37492617758844,2.14378667359298,-0.200361484513856,1.05406365622888,1.15212204992851,-1.2084896086837,3.68661689414649,-2.03848196481541
200403,2004-01-01,1.85921285926103,0.916666666666667,-0.942546192594361,2.29367489313432,4.32041780369072,3.33470142271691,1.2532287092224,0.684411493065173,0.993053694260224,1.11534591598974,-1.23098524865725,3.67098276418108,-2.05789210858411
200406,2004-04-01,2.47498339811596,1.07666666666667,-1.39831673144929,2.92137324658484,4.12711089832296,3.27199131384774,0.634696215065489,1.32004012663183,0.832777980408901,1.0646549027196,-1.27659424613533,3.65061413632032,-2.46297163416925
200409,2004-07-01,2.44567467741375,1.48666666666667,-0.959008010747078,3.61931977076324,3.37103479541909,3.30367701916055,2.43763847150085,1.61733751734543,0.786134403406828,1.05653637735349,-1.28911541603356,3.60440143510789,-2.01554438810026
200412,2004-10-01,2.82829808033336,2.00666666666667,-0.821631413666691,3.44257903058391,3.06923673526658,3.27683310922113,1.02015234320305,1.33642893474795,0.767576700610428,1.03995066737654,-1.29696766463776,3.61709600894758,-1.86158208104355
200503,2005-01-01,2.58501562201516,2.53666666666667,-0.0483489553484966,4.24126265834772,3.55613367656993,3.34874246730923,1.07799954609327,1.29262164396566,0.746180461255053,1.04445472526389,-1.30589099706142,3.61623732059375,-1.09280368061286
200506,2005-04-01,2.54720284896326,2.86333333333333,0.316130484370074,2.08304328281486,3.34655118562743,3.3659390048885,3.32532760755058,1.96527949208694,0.831552404264331,1.04871775065991,-1.26797382871439,3.6424446585532,-0.732587266289409
200509,2005-07-01,3.05738678247005,3.36,0.302613217529949,3.34628453426618,3.27829237650317,3.3643558679562,0.520367887329343,1.48596184604406,0.745620578714616,1.02130643184451,-1.31846870501896,3.6023762302883,-0.718693214314701
200512,2005-10-01,3.04840272769313,3.82666666666667,0.778263938973533,2.2795929648403,2.98754586006726,3.35060461002008,2.0821719466646,1.75146674690945,0.779150201047667,1.01681387222677,-1.31918163903651,3.59778528572262,-0.238549933253585
200603,2006-01-01,2.99246162942683,4.39333333333333,1.4008717039065,4.77692109290899,3.12146046870758,3.40464184359112,3.38364775534785,2.32787879922309,0.845250971518476,1.03723812358364,-1.34688060818749,3.58184161797353,0.363633580323223
200606,2006-04-01,3.09635772436572,4.70333333333333,1.60697560896762,1.19347813929167,2.89906918282679,3.26138567942476,1.53228667248193,1.87961856545593,0.796690167360943,0.991697071704679,-1.34980403860113,3.56331471035863,0.615278537263017
200609,2006-07-01,2.71757010200453,4.90666666666667,2.18909656466214,0.357574771986435,2.15189174225685,3.17824812933317,2.24361325093199,2.31042990635659,0.778805249294487,0.966057106098611,-1.38519839209998,3.52584262620558,1.22303945856338
200612,2006-10-01,1.76796161646386,4.90333333333333,3.13537171686947,3.11867073848404,2.36166118566778,3.15111249147739,1.63080137785272,2.19758726415362,0.710214776676796,0.950338835186987,-1.39643126643435,3.55845889616744,2.18503288168248
200703,2007-01-01,2.23423557849269,4.98333333333333,2.74909775484064,0.247040454068781,1.22919102595773,3.08135944335186,0.276612598716142,1.42082847499569,0.627143249877857,0.907369194540979,-1.42901802246507,3.52467016887883,1.84172856029973
200706,2007-04-01,2.25834758278136,4.73666666666667,2.4783190838853,3.04802953228389,1.69282887420579,3.00782882132724,0.647108150003817,1.19953384437617,0.599931068148392,0.878450092868089,-1.43598102745202,3.50880882381763,1.59986899101726
200709,2007-07-01,2.11176126269663,4.30333333333333,2.1915720706367,2.68134290628197,2.27377090777967,2.94833458982684,-1.70363280016481,0.212722331601967,0.507131420585027,0.825077996124586,-1.47093358073113,3.48284239222371,1.3664940745123
200712,2007-10-01,3.28083607292804,3.39,0.109163927071961,1.42510148403332,1.85037859416699,2.90666732259057,-0.124051372856471,-0.225990856075331,0.46811554556208,0.780358440853229,-1.48604361082317,3.42153562291266,-0.671194513781192
200803,2008-01-01,3.20667525370446,2.04333333333333,-1.16334192037113,-2.73976369457642,1.10367755700569,2.73971771082651,-1.17675089894504,-0.589331730490628,0.379789529131047,0.70406676683554,-1.5838571720419,3.34800081948011,-1.8674086872069
200806,2008-04-01,3.45602582209521,1.62666666666667,-1.82935915542854,1.98057491870571,0.836813903611144,2.69271358588085,-2.18726174620087,-1.2979242045418,0.266923659928686,0.652723094152654,-1.59937287292644,3.31220434437527,-2.48208224958163
200809,2008-07-01,3.90340307979038,1.49333333333333,-2.41006974645705,-1.92166505924618,-0.313938087770893,2.51470021413985,-4.40701395463918,-1.97376949316039,0.149097743272453,0.588421729916684,-1.65286495150327,3.24462337090576,-2.9984914763736
200812,2008-10-01,1.46165899836719,0.296666666666667,-1.16499233170052,-8.54250721894161,-2.80584026351463,2.13831711726975,-9.48024082061494,-4.31281685510001,-0.20159653851394,0.469801087389023,-1.7514056215842,3.13463965710367,-1.63479341908917
200903,2009-01-01,0.0420192790632434,0.213333333333333,0.17131405427009,-5.58083048659483,-3.51610696151923,1.91926340831538,-10.4058357523829,-6.62008806845948,-0.430140921315543,0.400813014823172,-1.8288107972151,3.10017263367018,-0.229498960552833
200906,2009-04-01,-0.550540919287013,0.173333333333333,0.723874252620346,-0.541861826254575,-4.1467161477593,1.82358421244254,-8.86456300057148,-8.28941338205214,-0.711973364193783,0.339806756734966,-1.88396495388515,3.07767312865157,0.384067495885228
200909,2009-07-01,-0.935555867285487,0.156666666666667,1.09222253395215,1.30520855489777,-3.33999774422331,1.73114757967781,-4.83469771742833,-8.39633432274942,-0.893253858534351,0.286905213579138,-1.94233796424364,3.04600896756653,0.805317320371905
200912,2009-10-01,1.18828935525492,0.0566666666666667,-1.13162268858826,3.85360026386934,-0.240970873520574,1.65539505665748,-0.125464802587061,-6.05764031824245,-0.94567484892158,0.221054254968768,-1.9800116942067,2.99353870299123,-1.35267694355706
201003,2010-01-01,2.09522289068964,0.106666666666667,-1.98855622402297,1.72764665669192,1.58614841230111,1.66961093695454,0.404583970487593,-3.35503538752482,-0.991013935649585,0.190242539082635,-2.02817297241384,2.96696619988418,-2.17879876310547
201006,2010-04-01,1.76004304560626,0.146666666666667,-1.6133763789396,3.84559718901514,2.68301316611854,1.57863534946802,3.3784358724116,-0.294285669279049,-0.917533805302,0.177660733247707,-2.00442733953043,3.00400180708858,-1.79103711218724
201009,2010-07-01,1.42842830116328,0.156666666666667,-1.27176163449661,2.69065757059295,3.02937542004234,1.63388125062792,1.85622607785092,1.37844527954076,-0.877802225747448,0.194930656799817,-1.97251165200684,3.03425203130924,-1.46669229129619
201012,2010-10-01,1.2790482873311,0.136666666666667,-1.14238162066443,2.51254004819543,2.69411036612386,1.6400157055477,2.01844695695463,1.91442321942619,-0.769963394454534,0.196116866438436,-1.95667653692352,3.04550270150868,-1.33849848710307
201103,2011-01-01,1.68462274047707,0.126666666666667,-1.5579560738104,-1.54794064817665,1.87521353990672,1.62979372371511,1.14601328496562,2.09978054804569,-0.735612332114775,0.194720486966078,-1.9885641408371,3.01740851906147,-1.75267656077701
201106,2011-04-01,2.57770401675037,0.0466666666666667,-2.5310373500837,2.899266735038,1.63863092641243,1.6494070080255,2.68755358318842,1.9270599757399,-0.560231355078953,0.197617598754199,-1.97117631184517,3.0265662612881,-2.7286549488379
201109,2011-07-01,2.81045006893894,0.0233333333333333,-2.78711673560561,0.842206478645124,1.17651815342548,1.70213780895361,2.00485939927866,1.96421830609683,-0.40007636721624,0.217562577475777,-1.95302898799634,3.04537936598807,-3.00467931308112
201112,2011-10-01,2.6247567237772,0.0133333333333333,-2.61142339044387,4.47798496562086,1.66787938278183,1.78637314512265,2.94389911998891,2.1955813468554,-0.219497696141273,0.251712472342855,-1.93030122696982,3.11552945571758,-2.86313586278716
201203,2012-01-01,2.45562893925655,0.0666666666666667,-2.38896227258988,2.64504204985698,2.71612505729024,1.7608414192301,3.32327757278961,2.7398974188114,-0.0544641158819559,0.280740776504553,-1.9044153958165,3.09126256390033,-2.66970304909454
201206,2012-04-01,1.75429167007968,0.0866666666666667,-1.66762500341301,1.86289318868091,2.45703167070097,1.75239258371603,0.381240311324405,2.1633191008454,-0.0678020713087335,0.284833400148391,-1.89235334065583,3.1201931361824,-1.95245840356108
201209,2012-07-01,1.55233567542918,0.103333333333333,-1.44900234209585,0.478466575371783,2.36609669488264,1.71578936788551,1.64018878774428,2.0721514479618,0.00882054092585349,0.286754003137808,-1.90201941259973,3.10241270169423,-1.73575634523355
201212,2012-10-01,1.74541642947768,0.0866666666666667,-1.65874976281101,0.0897641795802429,1.26904149837248,1.71166999345086,1.61440171708342,1.73977709723543,0.0338455095396384,0.284898915855387,-1.92244953851768,3.14524795844674,-1.9436486786668
201303,2013-01-01,1.52421625906864,0.0866666666666667,-1.43754959240198,2.7885471114466,1.30491776376989,1.72971783436804,1.37588808413938,1.25292972507287,0.125389291670466,0.295579411200389,-1.92683408634538,3.13206759588764,-1.73312900360235
201306,2013-04-01,1.26193521288807,0.05,-1.21193521288807,0.765629660764233,1.03060188179072,1.65649355418575,1.13980757399297,1.44257154074001,0.201579939000318,0.275956089921488,-1.92737918152283,3.15243370629427,-1.48789130280989
201309,2013-07-01,1.30338566525197,0.0333333333333333,-1.27005233191863,3.07487708906677,1.67970451021446,1.56727487685295,2.56029313310293,1.67259762707967,0.23437604461173,0.25712904014608,-1.94702367076316,3.08588588199511,-1.52718137206472
201312,2013-10-01,1.19595828274184,0.0633333333333333,-1.1326249494085,3.88336356320949,2.62810435612177,1.54811468415334,1.437456273732,1.62836126624182,0.216717784615206,0.246546701504366,-1.9770798677612,3.11445361831044,-1.37917165091287
201403,2014-01-01,1.36153599623112,0.0466666666666667,-1.31486932956446,-0.921871059004786,1.70049981350893,1.46772603534986,1.51090004041237,1.66211425531007,0.223159567894955,0.22953637121632,-2.00102956564175,3.10312532060233,-1.54440570078086
201406,2014-04-01,1.76218592679378,0.0333333333333333,-1.72885259346045,4.49953385277269,2.63397586151104,1.50718005050456,3.34633316825226,2.21374565387489,0.290950491724624,0.247719883576797,-1.99254322754331,3.10274505496869,-1.9765724770372
201409,2014-07-01,1.68666339023718,0.0266666666666667,-1.65999672357051,5.08030781931978,3.13533354407429,1.54370475171847,3.06823676921084,2.34073156290187,0.306715449167374,0.250916793743599,-1.99886336927072,3.10435354823401,-1.91091351731445
201412,2014-10-01,1.19127125347491,0.0233333333333333,-1.16793792014158,1.99529859818881,2.66331730281912,1.50752274090859,4.66788202036952,3.14833799956125,0.397908691096536,0.272990012655693,-1.98615007213545,3.1387459252982,-1.4409279327973
201503,2015-01-01,0.269301220810636,0.0266666666666667,-0.242634554143969,3.18693083167148,3.69051777548819,1.48116444524169,1.25376572754519,3.08405442134445,0.402302845632834,0.277240001208364,-1.98158713897988,3.10134424272337,-0.519874555352281
201506,2015-04-01,0.250443592757232,0.02,-0.230443592757232,2.70445641271735,3.24174841547435,1.49669977348925,1.62946290189012,2.65483685475392,0.359906227991322,0.270612232971136,-1.9979466303334,3.1046116132814,-0.501055825728069
201509,2015-07-01,0.279175185730907,0.04,-0.239175185730907,1.61748826190831,2.37604352612149,1.4534798666803,0.0578144338355457,1.90223127091009,0.348342391653977,0.255979866164889,-2.00493478521024,3.09397161662714,-0.495155051895858
201512,2015-10-01,0.385660494977724,0.123333333333333,-0.262327161644391,0.48452009518769,1.99834890037121,1.40860304493899,3.13114553441807,1.51804714942223,0.374566731347814,0.248017622705817,-2.05215184607755,3.09978368053607,-0.510344784350562
201603,2016-01-01,0.948855772100732,0.286666666666667,-0.662189105434065,0.578613250634419,1.34626950511194,1.30364534888212,1.38498221492149,1.55085127126631,0.324600092837155,0.212770793969426,-2.06329872114195,3.05286241857539,-0.874959899403452
201606,2016-04-01,1.04169029301664,0.256666666666667,-0.785023626349973,2.2131605437643,1.22344553787368,1.32913740899394,1.82854609759424,1.60062207019234,0.332006578464963,0.213984293318361,-2.06811584852396,3.05599376545272,-0.999007919668218
201609,2016-07-01,1.15281142878052,0.296666666666667,-0.856144762113854,2.74226662827672,1.50464012946578,1.38875470540119,0.668023003067475,1.75317421250032,0.29261682226835,0.217968501802272,-2.10933367170747,3.03996881218991,-1.07411326391617
201612,2016-10-01,1.60414419572001,0.43,-1.17414419572001,1.74304031368706,1.81927018409063,1.35436394478127,0.291022673565422,1.04314349728716,0.259122354661168,0.203024740379218,-2.11077929340435,3.05563239823469,-1.37716893609906
201703,2017-01-01,1.99181440483764,0.59,-1.40181440483764,1.22815731422676,1.98165619998871,1.37889186628522,2.01360223157359,1.20029850145018,0.302547095482604,0.21412416284414,-2.08485416933894,3.03862849105994,-1.61593856768218
201706,2017-04-01,1.54202245896959,0.89,-0.652022458969594,3.01395368519763,2.18185448534705,1.37803997010806,2.08780317753998,1.26511277143662,0.338564471171008,0.229504988903962,-2.13629371124313,3.09089834072084,-0.881527447873478
201709,2017-07-01,1.48781273610803,1.03666666666667,-0.451146069441363,3.10711506015906,2.27306659331763,1.38868427395499,0.656126109266353,1.26213854798634,0.397558443906787,0.244960494337912,-2.15742513287475,3.13604539690879,-0.696106563779696
201712,2017-10-01,1.66758169033434,1.20666666666667,-0.460915023667674,2.84707404576778,2.54907502633781,1.42423358799835,3.98374227789553,2.18531844906886,0.500253285175587,0.257428897969154,-2.09543851052232,3.11337436227498,-0.718343921637439
201803,2018-01-01,1.74000408153985,1.56,-0.180004081539848,1.97025352017732,2.73459907782545,1.5419840183672,1.81472172735191,2.13559832301344,0.575040100833011,0.291865877199811,-2.07473359040969,3.15991858453844,-0.47186995873914
